info A dev server is already running for this project on port 8081.
info Found Xcode workspace "MahaVistaar.xcworkspace"
info Building (using "xcodebuild -workspace MahaVistaar.xcworkspace -configuration Debug -scheme MahaVistaar -destination id=36E50082-FFEA-4703-BEFB-DFAE66DFDB7D")
- Building the app.........
- Building the app.
- Building the app.....
- Building the app......
- Building the app...
- Building the app....
- Building the app...
- Building the app.......
- Building the app.........
- Building the app
- Building the app.........
- Building the app..
- Building the app....
- Building the app..
- Building the app........
- Building the app....
- Building the app
- Building the app......
- Building the app
- Building the app..
- Building the app......
- Building the app....
- Building the app....
- Building the app.........
- Building the app
- Building the app.....
- Building the app......
- Building the app.........
- Building the app..
- Building the app...
- Building the app..
- Building the app.....
- Building the app......
- Building the app.......
- Building the app.
- Building the app.
- Building the app..
- Building the app.........
- Building the app
- Building the app..
- Building the app
- Building the app.........
- Building the app.......
- Building the app.
- Building the app...
- Building the app.....
- Building the app.......
- Building the app....
- Building the app.....
- Building the app.......
- Building the app.........
- Building the app........
- Building the app
- Building the app..
- Building the app....
- Building the app......
- Building the app.......
- Building the app.......
- Building the app........
- Building the app......
- Building the app.........
- Building the app.......
- Building the app.......
- Building the app........
- Building the app.
- Building the app..
- Building the app........
- Building the app....
- Building the app.....
- Building the app....
- Building the app....
- Building the app.
- Building the app......
- Building the app
- Building the app........
- Building the app
- Building the app........
- Building the app....
- Building the app..
- Building the app
- Building the app...
- Building the app...
- Building the app...
- Building the app....
- Building the app.....
- Building the app....
- Building the app.......
- Building the app........
- Building the app.........
- Building the app.
- Building the app......
- Building the app....
- Building the app
- Building the app.
- Building the app........
- Building the app.........
- Building the app.....
- Building the app......
- Building the app..
- Building the app...
- Building the app..
- Building the app....
- Building the app......
- Building the app........
- Building the app
- Building the app..
- Building the app....
- Building the app.........
- Building the app.....
- Building the app......
- Building the app..
- Building the app....
- Building the app......
- Building the app.......
- Building the app.........
- Building the app.....
- Building the app.......
- Building the app....
- Building the app......
- Building the app.......
- Building the app...
- Building the app....
- Building the app...
- Building the app....
- Building the app......
- Building the app........
- Building the app.....
- Building the app.........
- Building the app...
- Building the app....
- Building the app......
- Building the app........
- Building the app
- Building the app..
- Building the app.
- Building the app.
- Building the app..
- Building the app.........
- Building the app.
- Building the app..
- Building the app.
- Building the app.....
- Building the app......
- Building the app..
- Building the app..
- Building the app....
- Building the app..
- Building the app...
- Building the app...
- Building the app.......
- Building the app.....
- Building the app
- Building the app..
- Building the app.
- Building the app........
- Building the app
- Building the app......
- Building the app........
- Building the app
- Building the app......
- Building the app.......
- Building the app....
- Building the app......
- Building the app
- Building the app........
- Building the app.......
- Building the app...
- Building the app........
- Building the app..
- Building the app...
- Building the app...
- Building the app......
- Building the app.
- Building the app..
- Building the app.
- Building the app.....
- Building the app.........
- Building the app.......
- Building the app........
- Building the app....
- Building the app.........
- Building the app
- Building the app.....
- Building the app.....
- Building the app......
- Building the app..
- Building the app.......
- Building the app..
- Building the app......
- Building the app.......
- Building the app.....
- Building the app..
- Building the app...
- Building the app.........
- Building the app.........
- Building the app...
- Building the app.
- Building the app......
- Building the app.......
- Building the app.....
- Building the app.
- Building the app..
- Building the app.........
- Building the app.........
- Building the app
- Building the app...
- Building the app........
- Building the app.....
- Building the app...
- Building the app.....
- Building the app......
- Building the app....
- Building the app......
- Building the app
- Building the app........
- Building the app........
- Building the app........
- Building the app.....
- Building the app
- Building the app......
- Building the app.
- Building the app....
- Building the app
- Building the app....
- Building the app....

info 💡 Tip: Make sure that you have set up your development environment correctly, by running npx react-native doctor. To read more about doctor command visit: https://github.com/react-native-community/cli/blob/main/packages/cli-doctor/README.md#doctor 

error export CLANG_WARN_DOCUMENTATION_COMMENTS\=YES
error export CLANG_WARN_QUOTED_INCLUDE_IN_FRAMEWORK_HEADER\=NO
error export GCC_WARN_INHIBIT_ALL_WARNINGS\=YES
error export VALIDATE_PRODUCT\=NO
error \=non-modular-include-in-framework-module -Wno-trigraphs -Wno-missing-field-initializers -Wno-missing-prototypes -Werror\=return-type -Wdocumentation -Wunreachable-code -Werror\=deprecated-objc-isa-usage -Werror\=objc-root-class -Wno-non-virtual-dtor -Wno-overloaded-virtual -Wno-exit-time-destructors -Wno-missing-braces -Wparentheses -Wswitch -Wunused-function -Wno-unused-label -Wno-unused-parameter -Wunused-variable -Wunused-value -Wempty-body -Wuninitialized -Wconditional-uninitialized -Wno-unknown-pragmas -w -Wno-shadow -Wno-four-char-constants -Wno-conversion -Wconstant-conversion -Wint-conversion -Wbool-conversion -Wenum-conversion -Wno-float-conversion -Wnon-literal-null-conversion -Wobjc-literal-conversion -Wshorten-64-to-32 -Wno-newline-eof -Wno-c++11-extensions -Wno-implicit-fallthrough -fstrict-aliasing -Wdeprecated-declarations -Winvalid-offsetof -Wno-sign-conversion -Winfinite-recursion -Wmove -Wcomma -Wblock-capture-autoreleasing -Wstrict-prototypes -Wrange-loop-analysis -Wno-semicolon-before-method-body -Wunguarded-availability -index-store-path /Users/cepl/Library/Developer/Xcode/DerivedData/MahaVistaar-fftejvycvpanihalgfoabwgqljvt/Index.noindex/DataStore @/Users/cepl/Library/Developer/Xcode/DerivedData/MahaVistaar-fftejvycvpanihalgfoabwgqljvt/Build/Intermediates.noindex/Pods.build/Debug-iphonesimulator/RCT-Folly.build/Objects-normal/arm64/82b82416624d2658e5098eb0a28c15c5-common-args.resp -Wno-documentation -faligned-new -include /Users/cepl/Documents/GWLProjects/MahaVistaar-app/ios/Pods/Target\ Support\ Files/RCT-Folly/RCT-Folly-prefix.pch -MMD -MT dependencies -MF /Users/cepl/Library/Developer/Xcode/DerivedData/MahaVistaar-fftejvycvpanihalgfoabwgqljvt/Build/Intermediates.noindex/Pods.build/Debug-iphonesimulator/RCT-Folly.build/Objects-normal/arm64/AtFork.d --serialize-diagnostics /Users/cepl/Library/Developer/Xcode/DerivedData/MahaVistaar-fftejvycvpanihalgfoabwgqljvt/Build/Intermediates.noindex/Pods.build/Debug-iphonesimulator/RCT-Folly.build/Objects-normal/arm64/AtFork.dia -c /Users/cepl/Documents/GWLProjects/MahaVistaar-app/ios/Pods/RCT-Folly/folly/system/AtFork.cpp -o /Users/cepl/Library/Developer/Xcode/DerivedData/MahaVistaar-fftejvycvpanihalgfoabwgqljvt/Build/Intermediates.noindex/Pods.build/Debug-iphonesimulator/RCT-Folly.build/Objects-normal/arm64/AtFork.o -index-unit-output-path /Pods.build/Debug-iphonesimulator/RCT-Folly.build/Objects-normal/arm64/AtFork.o
error \=non-modular-include-in-framework-module -Wno-trigraphs -Wno-missing-field-initializers -Wno-missing-prototypes -Werror\=return-type -Wdocumentation -Wunreachable-code -Wno-implicit-atomic-properties -Werror\=deprecated-objc-isa-usage -Wno-objc-interface-ivars -Werror\=objc-root-class -Wno-arc-repeated-use-of-weak -Wimplicit-retain-self -Wduplicate-method-match -Wno-missing-braces -Wparentheses -Wswitch -Wunused-function -Wno-unused-label -Wno-unused-parameter -Wunused-variable -Wunused-value -Wempty-body -Wuninitialized -Wconditional-uninitialized -Wno-unknown-pragmas -w -Wno-shadow -Wno-four-char-constants -Wno-conversion -Wconstant-conversion -Wint-conversion -Wbool-conversion -Wenum-conversion -Wno-float-conversion -Wnon-literal-null-conversion -Wobjc-literal-conversion -Wshorten-64-to-32 -Wpointer-sign -Wno-newline-eof -Wno-selector -Wno-strict-selector-match -Wundeclared-selector -Wdeprecated-implementations -Wno-implicit-fallthrough -fstrict-aliasing -Wprotocol -Wdeprecated-declarations -Wno-sign-conversion -Winfinite-recursion -Wcomma -Wblock-capture-autoreleasing -Wstrict-prototypes -Wno-semicolon-before-method-body -Wunguarded-availability -index-store-path /Users/cepl/Library/Developer/Xcode/DerivedData/MahaVistaar-fftejvycvpanihalgfoabwgqljvt/Index.noindex/DataStore @/Users/cepl/Library/Developer/Xcode/DerivedData/MahaVistaar-fftejvycvpanihalgfoabwgqljvt/Build/Intermediates.noindex/Pods.build/Debug-iphonesimulator/RCT-Folly.build/Objects-normal/arm64/e6072d4f65d7061329687fe24e3d63a7-common-args.resp -include /Users/cepl/Documents/GWLProjects/MahaVistaar-app/ios/Pods/Target\ Support\ Files/RCT-Folly/RCT-Folly-prefix.pch -MMD -MT dependencies -MF /Users/cepl/Library/Developer/Xcode/DerivedData/MahaVistaar-fftejvycvpanihalgfoabwgqljvt/Build/Intermediates.noindex/Pods.build/Debug-iphonesimulator/RCT-Folly.build/Objects-normal/arm64/RCT-Folly-dummy.d --serialize-diagnostics /Users/cepl/Library/Developer/Xcode/DerivedData/MahaVistaar-fftejvycvpanihalgfoabwgqljvt/Build/Intermediates.noindex/Pods.build/Debug-iphonesimulator/RCT-Folly.build/Objects-normal/arm64/RCT-Folly-dummy.dia -c /Users/cepl/Documents/GWLProjects/MahaVistaar-app/ios/Pods/Target\ Support\ Files/RCT-Folly/RCT-Folly-dummy.m -o /Users/cepl/Library/Developer/Xcode/DerivedData/MahaVistaar-fftejvycvpanihalgfoabwgqljvt/Build/Intermediates.noindex/Pods.build/Debug-iphonesimulator/RCT-Folly.build/Objects-normal/arm64/RCT-Folly-dummy.o -index-unit-output-path /Pods.build/Debug-iphonesimulator/RCT-Folly.build/Objects-normal/arm64/RCT-Folly-dummy.o
error \=non-modular-include-in-framework-module -Wno-trigraphs -Wno-missing-field-initializers -Wno-missing-prototypes -Werror\=return-type -Wdocumentation -Wunreachable-code -Werror\=deprecated-objc-isa-usage -Werror\=objc-root-class -Wno-non-virtual-dtor -Wno-overloaded-virtual -Wno-exit-time-destructors -Wno-missing-braces -Wparentheses -Wswitch -Wunused-function -Wno-unused-label -Wno-unused-parameter -Wunused-variable -Wunused-value -Wempty-body -Wuninitialized -Wconditional-uninitialized -Wno-unknown-pragmas -w -Wno-shadow -Wno-four-char-constants -Wno-conversion -Wconstant-conversion -Wint-conversion -Wbool-conversion -Wenum-conversion -Wno-float-conversion -Wnon-literal-null-conversion -Wobjc-literal-conversion -Wshorten-64-to-32 -Wno-newline-eof -Wno-c++11-extensions -Wno-implicit-fallthrough -fstrict-aliasing -Wdeprecated-declarations -Winvalid-offsetof -Wno-sign-conversion -Winfinite-recursion -Wmove -Wcomma -Wblock-capture-autoreleasing -Wstrict-prototypes -Wrange-loop-analysis -Wno-semicolon-before-method-body -Wunguarded-availability -index-store-path /Users/cepl/Library/Developer/Xcode/DerivedData/MahaVistaar-fftejvycvpanihalgfoabwgqljvt/Index.noindex/DataStore @/Users/cepl/Library/Developer/Xcode/DerivedData/MahaVistaar-fftejvycvpanihalgfoabwgqljvt/Build/Intermediates.noindex/Pods.build/Debug-iphonesimulator/RCT-Folly.build/Objects-normal/arm64/82b82416624d2658e5098eb0a28c15c5-common-args.resp -Wno-documentation -faligned-new -include /Users/cepl/Documents/GWLProjects/MahaVistaar-app/ios/Pods/Target\ Support\ Files/RCT-Folly/RCT-Folly-prefix.pch -MMD -MT dependencies -MF /Users/cepl/Library/Developer/Xcode/DerivedData/MahaVistaar-fftejvycvpanihalgfoabwgqljvt/Build/Intermediates.noindex/Pods.build/Debug-iphonesimulator/RCT-Folly.build/Objects-normal/arm64/Exception.d --serialize-diagnostics /Users/cepl/Library/Developer/Xcode/DerivedData/MahaVistaar-fftejvycvpanihalgfoabwgqljvt/Build/Intermediates.noindex/Pods.build/Debug-iphonesimulator/RCT-Folly.build/Objects-normal/arm64/Exception.dia -c /Users/cepl/Documents/GWLProjects/MahaVistaar-app/ios/Pods/RCT-Folly/folly/lang/Exception.cpp -o /Users/cepl/Library/Developer/Xcode/DerivedData/MahaVistaar-fftejvycvpanihalgfoabwgqljvt/Build/Intermediates.noindex/Pods.build/Debug-iphonesimulator/RCT-Folly.build/Objects-normal/arm64/Exception.o -index-unit-output-path /Pods.build/Debug-iphonesimulator/RCT-Folly.build/Objects-normal/arm64/Exception.o
error \=non-modular-include-in-framework-module -Wno-trigraphs -Wno-missing-field-initializers -Wno-missing-prototypes -Werror\=return-type -Wdocumentation -Wunreachable-code -Werror\=deprecated-objc-isa-usage -Werror\=objc-root-class -Wno-non-virtual-dtor -Wno-overloaded-virtual -Wno-exit-time-destructors -Wno-missing-braces -Wparentheses -Wswitch -Wunused-function -Wno-unused-label -Wno-unused-parameter -Wunused-variable -Wunused-value -Wempty-body -Wuninitialized -Wconditional-uninitialized -Wno-unknown-pragmas -w -Wno-shadow -Wno-four-char-constants -Wno-conversion -Wconstant-conversion -Wint-conversion -Wbool-conversion -Wenum-conversion -Wno-float-conversion -Wnon-literal-null-conversion -Wobjc-literal-conversion -Wshorten-64-to-32 -Wno-newline-eof -Wno-c++11-extensions -Wno-implicit-fallthrough -fstrict-aliasing -Wdeprecated-declarations -Winvalid-offsetof -Wno-sign-conversion -Winfinite-recursion -Wmove -Wcomma -Wblock-capture-autoreleasing -Wstrict-prototypes -Wrange-loop-analysis -Wno-semicolon-before-method-body -Wunguarded-availability -index-store-path /Users/cepl/Library/Developer/Xcode/DerivedData/MahaVistaar-fftejvycvpanihalgfoabwgqljvt/Index.noindex/DataStore @/Users/cepl/Library/Developer/Xcode/DerivedData/MahaVistaar-fftejvycvpanihalgfoabwgqljvt/Build/Intermediates.noindex/Pods.build/Debug-iphonesimulator/RCT-Folly.build/Objects-normal/arm64/82b82416624d2658e5098eb0a28c15c5-common-args.resp -Wno-documentation -faligned-new -include /Users/cepl/Documents/GWLProjects/MahaVistaar-app/ios/Pods/Target\ Support\ Files/RCT-Folly/RCT-Folly-prefix.pch -MMD -MT dependencies -MF /Users/cepl/Library/Developer/Xcode/DerivedData/MahaVistaar-fftejvycvpanihalgfoabwgqljvt/Build/Intermediates.noindex/Pods.build/Debug-iphonesimulator/RCT-Folly.build/Objects-normal/arm64/json.d --serialize-diagnostics /Users/cepl/Library/Developer/Xcode/DerivedData/MahaVistaar-fftejvycvpanihalgfoabwgqljvt/Build/Intermediates.noindex/Pods.build/Debug-iphonesimulator/RCT-Folly.build/Objects-normal/arm64/json.dia -c /Users/cepl/Documents/GWLProjects/MahaVistaar-app/ios/Pods/RCT-Folly/folly/json/json.cpp -o /Users/cepl/Library/Developer/Xcode/DerivedData/MahaVistaar-fftejvycvpanihalgfoabwgqljvt/Build/Intermediates.noindex/Pods.build/Debug-iphonesimulator/RCT-Folly.build/Objects-normal/arm64/json.o -index-unit-output-path /Pods.build/Debug-iphonesimulator/RCT-Folly.build/Objects-normal/arm64/json.o
error \=non-modular-include-in-framework-module -Wno-trigraphs -Wno-missing-field-initializers -Wno-missing-prototypes -Werror\=return-type -Wdocumentation -Wunreachable-code -Werror\=deprecated-objc-isa-usage -Werror\=objc-root-class -Wno-non-virtual-dtor -Wno-overloaded-virtual -Wno-exit-time-destructors -Wno-missing-braces -Wparentheses -Wswitch -Wunused-function -Wno-unused-label -Wno-unused-parameter -Wunused-variable -Wunused-value -Wempty-body -Wuninitialized -Wconditional-uninitialized -Wno-unknown-pragmas -w -Wno-shadow -Wno-four-char-constants -Wno-conversion -Wconstant-conversion -Wint-conversion -Wbool-conversion -Wenum-conversion -Wno-float-conversion -Wnon-literal-null-conversion -Wobjc-literal-conversion -Wshorten-64-to-32 -Wno-newline-eof -Wno-c++11-extensions -Wno-implicit-fallthrough -fstrict-aliasing -Wdeprecated-declarations -Winvalid-offsetof -Wno-sign-conversion -Winfinite-recursion -Wmove -Wcomma -Wblock-capture-autoreleasing -Wstrict-prototypes -Wrange-loop-analysis -Wno-semicolon-before-method-body -Wunguarded-availability -index-store-path /Users/cepl/Library/Developer/Xcode/DerivedData/MahaVistaar-fftejvycvpanihalgfoabwgqljvt/Index.noindex/DataStore @/Users/cepl/Library/Developer/Xcode/DerivedData/MahaVistaar-fftejvycvpanihalgfoabwgqljvt/Build/Intermediates.noindex/Pods.build/Debug-iphonesimulator/RCT-Folly.build/Objects-normal/arm64/82b82416624d2658e5098eb0a28c15c5-common-args.resp -Wno-documentation -faligned-new -include /Users/cepl/Documents/GWLProjects/MahaVistaar-app/ios/Pods/Target\ Support\ Files/RCT-Folly/RCT-Folly-prefix.pch -MMD -MT dependencies -MF /Users/cepl/Library/Developer/Xcode/DerivedData/MahaVistaar-fftejvycvpanihalgfoabwgqljvt/Build/Intermediates.noindex/Pods.build/Debug-iphonesimulator/RCT-Folly.build/Objects-normal/arm64/json_pointer.d --serialize-diagnostics /Users/cepl/Library/Developer/Xcode/DerivedData/MahaVistaar-fftejvycvpanihalgfoabwgqljvt/Build/Intermediates.noindex/Pods.build/Debug-iphonesimulator/RCT-Folly.build/Objects-normal/arm64/json_pointer.dia -c /Users/cepl/Documents/GWLProjects/MahaVistaar-app/ios/Pods/RCT-Folly/folly/json/json_pointer.cpp -o /Users/cepl/Library/Developer/Xcode/DerivedData/MahaVistaar-fftejvycvpanihalgfoabwgqljvt/Build/Intermediates.noindex/Pods.build/Debug-iphonesimulator/RCT-Folly.build/Objects-normal/arm64/json_pointer.o -index-unit-output-path /Pods.build/Debug-iphonesimulator/RCT-Folly.build/Objects-normal/arm64/json_pointer.o
error \=non-modular-include-in-framework-module -Wno-trigraphs -Wno-missing-field-initializers -Wno-missing-prototypes -Werror\=return-type -Wdocumentation -Wunreachable-code -Werror\=deprecated-objc-isa-usage -Werror\=objc-root-class -Wno-non-virtual-dtor -Wno-overloaded-virtual -Wno-exit-time-destructors -Wno-missing-braces -Wparentheses -Wswitch -Wunused-function -Wno-unused-label -Wno-unused-parameter -Wunused-variable -Wunused-value -Wempty-body -Wuninitialized -Wconditional-uninitialized -Wno-unknown-pragmas -w -Wno-shadow -Wno-four-char-constants -Wno-conversion -Wconstant-conversion -Wint-conversion -Wbool-conversion -Wenum-conversion -Wno-float-conversion -Wnon-literal-null-conversion -Wobjc-literal-conversion -Wshorten-64-to-32 -Wno-newline-eof -Wno-c++11-extensions -Wno-implicit-fallthrough -fstrict-aliasing -Wdeprecated-declarations -Winvalid-offsetof -Wno-sign-conversion -Winfinite-recursion -Wmove -Wcomma -Wblock-capture-autoreleasing -Wstrict-prototypes -Wrange-loop-analysis -Wno-semicolon-before-method-body -Wunguarded-availability -index-store-path /Users/cepl/Library/Developer/Xcode/DerivedData/MahaVistaar-fftejvycvpanihalgfoabwgqljvt/Index.noindex/DataStore @/Users/cepl/Library/Developer/Xcode/DerivedData/MahaVistaar-fftejvycvpanihalgfoabwgqljvt/Build/Intermediates.noindex/Pods.build/Debug-iphonesimulator/RCT-Folly.build/Objects-normal/arm64/82b82416624d2658e5098eb0a28c15c5-common-args.resp -Wno-documentation -faligned-new -include /Users/cepl/Documents/GWLProjects/MahaVistaar-app/ios/Pods/Target\ Support\ Files/RCT-Folly/RCT-Folly-prefix.pch -MMD -MT dependencies -MF /Users/cepl/Library/Developer/Xcode/DerivedData/MahaVistaar-fftejvycvpanihalgfoabwgqljvt/Build/Intermediates.noindex/Pods.build/Debug-iphonesimulator/RCT-Folly.build/Objects-normal/arm64/dynamic.d --serialize-diagnostics /Users/cepl/Library/Developer/Xcode/DerivedData/MahaVistaar-fftejvycvpanihalgfoabwgqljvt/Build/Intermediates.noindex/Pods.build/Debug-iphonesimulator/RCT-Folly.build/Objects-normal/arm64/dynamic.dia -c /Users/cepl/Documents/GWLProjects/MahaVistaar-app/ios/Pods/RCT-Folly/folly/json/dynamic.cpp -o /Users/cepl/Library/Developer/Xcode/DerivedData/MahaVistaar-fftejvycvpanihalgfoabwgqljvt/Build/Intermediates.noindex/Pods.build/Debug-iphonesimulator/RCT-Folly.build/Objects-normal/arm64/dynamic.o -index-unit-output-path /Pods.build/Debug-iphonesimulator/RCT-Folly.build/Objects-normal/arm64/dynamic.o
error \=non-modular-include-in-framework-module -Wno-trigraphs -Wno-missing-field-initializers -Wno-missing-prototypes -Werror\=return-type -Wdocumentation -Wunreachable-code -Werror\=deprecated-objc-isa-usage -Werror\=objc-root-class -Wno-non-virtual-dtor -Wno-overloaded-virtual -Wno-exit-time-destructors -Wno-missing-braces -Wparentheses -Wswitch -Wunused-function -Wno-unused-label -Wno-unused-parameter -Wunused-variable -Wunused-value -Wempty-body -Wuninitialized -Wconditional-uninitialized -Wno-unknown-pragmas -w -Wno-shadow -Wno-four-char-constants -Wno-conversion -Wconstant-conversion -Wint-conversion -Wbool-conversion -Wenum-conversion -Wno-float-conversion -Wnon-literal-null-conversion -Wobjc-literal-conversion -Wshorten-64-to-32 -Wno-newline-eof -Wno-c++11-extensions -Wno-implicit-fallthrough -fstrict-aliasing -Wdeprecated-declarations -Winvalid-offsetof -Wno-sign-conversion -Winfinite-recursion -Wmove -Wcomma -Wblock-capture-autoreleasing -Wstrict-prototypes -Wrange-loop-analysis -Wno-semicolon-before-method-body -Wunguarded-availability -index-store-path /Users/cepl/Library/Developer/Xcode/DerivedData/MahaVistaar-fftejvycvpanihalgfoabwgqljvt/Index.noindex/DataStore @/Users/cepl/Library/Developer/Xcode/DerivedData/MahaVistaar-fftejvycvpanihalgfoabwgqljvt/Build/Intermediates.noindex/Pods.build/Debug-iphonesimulator/RCT-Folly.build/Objects-normal/arm64/82b82416624d2658e5098eb0a28c15c5-common-args.resp -Wno-documentation -faligned-new -include /Users/cepl/Documents/GWLProjects/MahaVistaar-app/ios/Pods/Target\ Support\ Files/RCT-Folly/RCT-Folly-prefix.pch -MMD -MT dependencies -MF /Users/cepl/Library/Developer/Xcode/DerivedData/MahaVistaar-fftejvycvpanihalgfoabwgqljvt/Build/Intermediates.noindex/Pods.build/Debug-iphonesimulator/RCT-Folly.build/Objects-normal/arm64/UniqueInstance.d --serialize-diagnostics /Users/cepl/Library/Developer/Xcode/DerivedData/MahaVistaar-fftejvycvpanihalgfoabwgqljvt/Build/Intermediates.noindex/Pods.build/Debug-iphonesimulator/RCT-Folly.build/Objects-normal/arm64/UniqueInstance.dia -c /Users/cepl/Documents/GWLProjects/MahaVistaar-app/ios/Pods/RCT-Folly/folly/detail/UniqueInstance.cpp -o /Users/cepl/Library/Developer/Xcode/DerivedData/MahaVistaar-fftejvycvpanihalgfoabwgqljvt/Build/Intermediates.noindex/Pods.build/Debug-iphonesimulator/RCT-Folly.build/Objects-normal/arm64/UniqueInstance.o -index-unit-output-path /Pods.build/Debug-iphonesimulator/RCT-Folly.build/Objects-normal/arm64/UniqueInstance.o
error \=non-modular-include-in-framework-module -Wno-trigraphs -Wno-missing-field-initializers -Wno-missing-prototypes -Werror\=return-type -Wdocumentation -Wunreachable-code -Werror\=deprecated-objc-isa-usage -Werror\=objc-root-class -Wno-non-virtual-dtor -Wno-overloaded-virtual -Wno-exit-time-destructors -Wno-missing-braces -Wparentheses -Wswitch -Wunused-function -Wno-unused-label -Wno-unused-parameter -Wunused-variable -Wunused-value -Wempty-body -Wuninitialized -Wconditional-uninitialized -Wno-unknown-pragmas -w -Wno-shadow -Wno-four-char-constants -Wno-conversion -Wconstant-conversion -Wint-conversion -Wbool-conversion -Wenum-conversion -Wno-float-conversion -Wnon-literal-null-conversion -Wobjc-literal-conversion -Wshorten-64-to-32 -Wno-newline-eof -Wno-c++11-extensions -Wno-implicit-fallthrough -fstrict-aliasing -Wdeprecated-declarations -Winvalid-offsetof -Wno-sign-conversion -Winfinite-recursion -Wmove -Wcomma -Wblock-capture-autoreleasing -Wstrict-prototypes -Wrange-loop-analysis -Wno-semicolon-before-method-body -Wunguarded-availability -index-store-path /Users/cepl/Library/Developer/Xcode/DerivedData/MahaVistaar-fftejvycvpanihalgfoabwgqljvt/Index.noindex/DataStore @/Users/cepl/Library/Developer/Xcode/DerivedData/MahaVistaar-fftejvycvpanihalgfoabwgqljvt/Build/Intermediates.noindex/Pods.build/Debug-iphonesimulator/RCT-Folly.build/Objects-normal/arm64/82b82416624d2658e5098eb0a28c15c5-common-args.resp -Wno-documentation -faligned-new -include /Users/cepl/Documents/GWLProjects/MahaVistaar-app/ios/Pods/Target\ Support\ Files/RCT-Folly/RCT-Folly-prefix.pch -MMD -MT dependencies -MF /Users/cepl/Library/Developer/Xcode/DerivedData/MahaVistaar-fftejvycvpanihalgfoabwgqljvt/Build/Intermediates.noindex/Pods.build/Debug-iphonesimulator/RCT-Folly.build/Objects-normal/arm64/Unicode.d --serialize-diagnostics /Users/cepl/Library/Developer/Xcode/DerivedData/MahaVistaar-fftejvycvpanihalgfoabwgqljvt/Build/Intermediates.noindex/Pods.build/Debug-iphonesimulator/RCT-Folly.build/Objects-normal/arm64/Unicode.dia -c /Users/cepl/Documents/GWLProjects/MahaVistaar-app/ios/Pods/RCT-Folly/folly/Unicode.cpp -o /Users/cepl/Library/Developer/Xcode/DerivedData/MahaVistaar-fftejvycvpanihalgfoabwgqljvt/Build/Intermediates.noindex/Pods.build/Debug-iphonesimulator/RCT-Folly.build/Objects-normal/arm64/Unicode.o -index-unit-output-path /Pods.build/Debug-iphonesimulator/RCT-Folly.build/Objects-normal/arm64/Unicode.o
error \=non-modular-include-in-framework-module -Wno-trigraphs -Wno-missing-field-initializers -Wno-missing-prototypes -Werror\=return-type -Wdocumentation -Wunreachable-code -Werror\=deprecated-objc-isa-usage -Werror\=objc-root-class -Wno-non-virtual-dtor -Wno-overloaded-virtual -Wno-exit-time-destructors -Wno-missing-braces -Wparentheses -Wswitch -Wunused-function -Wno-unused-label -Wno-unused-parameter -Wunused-variable -Wunused-value -Wempty-body -Wuninitialized -Wconditional-uninitialized -Wno-unknown-pragmas -w -Wno-shadow -Wno-four-char-constants -Wno-conversion -Wconstant-conversion -Wint-conversion -Wbool-conversion -Wenum-conversion -Wno-float-conversion -Wnon-literal-null-conversion -Wobjc-literal-conversion -Wshorten-64-to-32 -Wno-newline-eof -Wno-c++11-extensions -Wno-implicit-fallthrough -fstrict-aliasing -Wdeprecated-declarations -Winvalid-offsetof -Wno-sign-conversion -Winfinite-recursion -Wmove -Wcomma -Wblock-capture-autoreleasing -Wstrict-prototypes -Wrange-loop-analysis -Wno-semicolon-before-method-body -Wunguarded-availability -index-store-path /Users/cepl/Library/Developer/Xcode/DerivedData/MahaVistaar-fftejvycvpanihalgfoabwgqljvt/Index.noindex/DataStore @/Users/cepl/Library/Developer/Xcode/DerivedData/MahaVistaar-fftejvycvpanihalgfoabwgqljvt/Build/Intermediates.noindex/Pods.build/Debug-iphonesimulator/RCT-Folly.build/Objects-normal/arm64/82b82416624d2658e5098eb0a28c15c5-common-args.resp -Wno-documentation -faligned-new -include /Users/cepl/Documents/GWLProjects/MahaVistaar-app/ios/Pods/Target\ Support\ Files/RCT-Folly/RCT-Folly-prefix.pch -MMD -MT dependencies -MF /Users/cepl/Library/Developer/Xcode/DerivedData/MahaVistaar-fftejvycvpanihalgfoabwgqljvt/Build/Intermediates.noindex/Pods.build/Debug-iphonesimulator/RCT-Folly.build/Objects-normal/arm64/ToAscii.d --serialize-diagnostics /Users/cepl/Library/Developer/Xcode/DerivedData/MahaVistaar-fftejvycvpanihalgfoabwgqljvt/Build/Intermediates.noindex/Pods.build/Debug-iphonesimulator/RCT-Folly.build/Objects-normal/arm64/ToAscii.dia -c /Users/cepl/Documents/GWLProjects/MahaVistaar-app/ios/Pods/RCT-Folly/folly/lang/ToAscii.cpp -o /Users/cepl/Library/Developer/Xcode/DerivedData/MahaVistaar-fftejvycvpanihalgfoabwgqljvt/Build/Intermediates.noindex/Pods.build/Debug-iphonesimulator/RCT-Folly.build/Objects-normal/arm64/ToAscii.o -index-unit-output-path /Pods.build/Debug-iphonesimulator/RCT-Folly.build/Objects-normal/arm64/ToAscii.o
error \=non-modular-include-in-framework-module -Wno-trigraphs -Wno-missing-field-initializers -Wno-missing-prototypes -Werror\=return-type -Wdocumentation -Wunreachable-code -Werror\=deprecated-objc-isa-usage -Werror\=objc-root-class -Wno-non-virtual-dtor -Wno-overloaded-virtual -Wno-exit-time-destructors -Wno-missing-braces -Wparentheses -Wswitch -Wunused-function -Wno-unused-label -Wno-unused-parameter -Wunused-variable -Wunused-value -Wempty-body -Wuninitialized -Wconditional-uninitialized -Wno-unknown-pragmas -w -Wno-shadow -Wno-four-char-constants -Wno-conversion -Wconstant-conversion -Wint-conversion -Wbool-conversion -Wenum-conversion -Wno-float-conversion -Wnon-literal-null-conversion -Wobjc-literal-conversion -Wshorten-64-to-32 -Wno-newline-eof -Wno-c++11-extensions -Wno-implicit-fallthrough -fstrict-aliasing -Wdeprecated-declarations -Winvalid-offsetof -Wno-sign-conversion -Winfinite-recursion -Wmove -Wcomma -Wblock-capture-autoreleasing -Wstrict-prototypes -Wrange-loop-analysis -Wno-semicolon-before-method-body -Wunguarded-availability -index-store-path /Users/cepl/Library/Developer/Xcode/DerivedData/MahaVistaar-fftejvycvpanihalgfoabwgqljvt/Index.noindex/DataStore @/Users/cepl/Library/Developer/Xcode/DerivedData/MahaVistaar-fftejvycvpanihalgfoabwgqljvt/Build/Intermediates.noindex/Pods.build/Debug-iphonesimulator/RCT-Folly.build/Objects-normal/arm64/82b82416624d2658e5098eb0a28c15c5-common-args.resp -Wno-documentation -faligned-new -include /Users/cepl/Documents/GWLProjects/MahaVistaar-app/ios/Pods/Target\ Support\ Files/RCT-Folly/RCT-Folly-prefix.pch -MMD -MT dependencies -MF /Users/cepl/Library/Developer/Xcode/DerivedData/MahaVistaar-fftejvycvpanihalgfoabwgqljvt/Build/Intermediates.noindex/Pods.build/Debug-iphonesimulator/RCT-Folly.build/Objects-normal/arm64/ThreadId.d --serialize-diagnostics /Users/cepl/Library/Developer/Xcode/DerivedData/MahaVistaar-fftejvycvpanihalgfoabwgqljvt/Build/Intermediates.noindex/Pods.build/Debug-iphonesimulator/RCT-Folly.build/Objects-normal/arm64/ThreadId.dia -c /Users/cepl/Documents/GWLProjects/MahaVistaar-app/ios/Pods/RCT-Folly/folly/system/ThreadId.cpp -o /Users/cepl/Library/Developer/Xcode/DerivedData/MahaVistaar-fftejvycvpanihalgfoabwgqljvt/Build/Intermediates.noindex/Pods.build/Debug-iphonesimulator/RCT-Folly.build/Objects-normal/arm64/ThreadId.o -index-unit-output-path /Pods.build/Debug-iphonesimulator/RCT-Folly.build/Objects-normal/arm64/ThreadId.o
error \=non-modular-include-in-framework-module -Wno-trigraphs -Wno-missing-field-initializers -Wno-missing-prototypes -Werror\=return-type -Wdocumentation -Wunreachable-code -Werror\=deprecated-objc-isa-usage -Werror\=objc-root-class -Wno-non-virtual-dtor -Wno-overloaded-virtual -Wno-exit-time-destructors -Wno-missing-braces -Wparentheses -Wswitch -Wunused-function -Wno-unused-label -Wno-unused-parameter -Wunused-variable -Wunused-value -Wempty-body -Wuninitialized -Wconditional-uninitialized -Wno-unknown-pragmas -w -Wno-shadow -Wno-four-char-constants -Wno-conversion -Wconstant-conversion -Wint-conversion -Wbool-conversion -Wenum-conversion -Wno-float-conversion -Wnon-literal-null-conversion -Wobjc-literal-conversion -Wshorten-64-to-32 -Wno-newline-eof -Wno-c++11-extensions -Wno-implicit-fallthrough -fstrict-aliasing -Wdeprecated-declarations -Winvalid-offsetof -Wno-sign-conversion -Winfinite-recursion -Wmove -Wcomma -Wblock-capture-autoreleasing -Wstrict-prototypes -Wrange-loop-analysis -Wno-semicolon-before-method-body -Wunguarded-availability -index-store-path /Users/cepl/Library/Developer/Xcode/DerivedData/MahaVistaar-fftejvycvpanihalgfoabwgqljvt/Index.noindex/DataStore @/Users/cepl/Library/Developer/Xcode/DerivedData/MahaVistaar-fftejvycvpanihalgfoabwgqljvt/Build/Intermediates.noindex/Pods.build/Debug-iphonesimulator/RCT-Folly.build/Objects-normal/arm64/82b82416624d2658e5098eb0a28c15c5-common-args.resp -Wno-documentation -faligned-new -include /Users/cepl/Documents/GWLProjects/MahaVistaar-app/ios/Pods/Target\ Support\ Files/RCT-Folly/RCT-Folly-prefix.pch -MMD -MT dependencies -MF /Users/cepl/Library/Developer/Xcode/DerivedData/MahaVistaar-fftejvycvpanihalgfoabwgqljvt/Build/Intermediates.noindex/Pods.build/Debug-iphonesimulator/RCT-Folly.build/Objects-normal/arm64/SysUio.d --serialize-diagnostics /Users/cepl/Library/Developer/Xcode/DerivedData/MahaVistaar-fftejvycvpanihalgfoabwgqljvt/Build/Intermediates.noindex/Pods.build/Debug-iphonesimulator/RCT-Folly.build/Objects-normal/arm64/SysUio.dia -c /Users/cepl/Documents/GWLProjects/MahaVistaar-app/ios/Pods/RCT-Folly/folly/portability/SysUio.cpp -o /Users/cepl/Library/Developer/Xcode/DerivedData/MahaVistaar-fftejvycvpanihalgfoabwgqljvt/Build/Intermediates.noindex/Pods.build/Debug-iphonesimulator/RCT-Folly.build/Objects-normal/arm64/SysUio.o -index-unit-output-path /Pods.build/Debug-iphonesimulator/RCT-Folly.build/Objects-normal/arm64/SysUio.o
error \=non-modular-include-in-framework-module -Wno-trigraphs -Wno-missing-field-initializers -Wno-missing-prototypes -Werror\=return-type -Wdocumentation -Wunreachable-code -Werror\=deprecated-objc-isa-usage -Werror\=objc-root-class -Wno-non-virtual-dtor -Wno-overloaded-virtual -Wno-exit-time-destructors -Wno-missing-braces -Wparentheses -Wswitch -Wunused-function -Wno-unused-label -Wno-unused-parameter -Wunused-variable -Wunused-value -Wempty-body -Wuninitialized -Wconditional-uninitialized -Wno-unknown-pragmas -w -Wno-shadow -Wno-four-char-constants -Wno-conversion -Wconstant-conversion -Wint-conversion -Wbool-conversion -Wenum-conversion -Wno-float-conversion -Wnon-literal-null-conversion -Wobjc-literal-conversion -Wshorten-64-to-32 -Wno-newline-eof -Wno-c++11-extensions -Wno-implicit-fallthrough -fstrict-aliasing -Wdeprecated-declarations -Winvalid-offsetof -Wno-sign-conversion -Winfinite-recursion -Wmove -Wcomma -Wblock-capture-autoreleasing -Wstrict-prototypes -Wrange-loop-analysis -Wno-semicolon-before-method-body -Wunguarded-availability -index-store-path /Users/cepl/Library/Developer/Xcode/DerivedData/MahaVistaar-fftejvycvpanihalgfoabwgqljvt/Index.noindex/DataStore @/Users/cepl/Library/Developer/Xcode/DerivedData/MahaVistaar-fftejvycvpanihalgfoabwgqljvt/Build/Intermediates.noindex/Pods.build/Debug-iphonesimulator/RCT-Folly.build/Objects-normal/arm64/82b82416624d2658e5098eb0a28c15c5-common-args.resp -Wno-documentation -faligned-new -include /Users/cepl/Documents/GWLProjects/MahaVistaar-app/ios/Pods/Target\ Support\ Files/RCT-Folly/RCT-Folly-prefix.pch -MMD -MT dependencies -MF /Users/cepl/Library/Developer/Xcode/DerivedData/MahaVistaar-fftejvycvpanihalgfoabwgqljvt/Build/Intermediates.noindex/Pods.build/Debug-iphonesimulator/RCT-Folly.build/Objects-normal/arm64/String.d --serialize-diagnostics /Users/cepl/Library/Developer/Xcode/DerivedData/MahaVistaar-fftejvycvpanihalgfoabwgqljvt/Build/Intermediates.noindex/Pods.build/Debug-iphonesimulator/RCT-Folly.build/Objects-normal/arm64/String.dia -c /Users/cepl/Documents/GWLProjects/MahaVistaar-app/ios/Pods/RCT-Folly/folly/String.cpp -o /Users/cepl/Library/Developer/Xcode/DerivedData/MahaVistaar-fftejvycvpanihalgfoabwgqljvt/Build/Intermediates.noindex/Pods.build/Debug-iphonesimulator/RCT-Folly.build/Objects-normal/arm64/String.o -index-unit-output-path /Pods.build/Debug-iphonesimulator/RCT-Folly.build/Objects-normal/arm64/String.o
error \=non-modular-include-in-framework-module -Wno-trigraphs -Wno-missing-field-initializers -Wno-missing-prototypes -Werror\=return-type -Wdocumentation -Wunreachable-code -Werror\=deprecated-objc-isa-usage -Werror\=objc-root-class -Wno-non-virtual-dtor -Wno-overloaded-virtual -Wno-exit-time-destructors -Wno-missing-braces -Wparentheses -Wswitch -Wunused-function -Wno-unused-label -Wno-unused-parameter -Wunused-variable -Wunused-value -Wempty-body -Wuninitialized -Wconditional-uninitialized -Wno-unknown-pragmas -w -Wno-shadow -Wno-four-char-constants -Wno-conversion -Wconstant-conversion -Wint-conversion -Wbool-conversion -Wenum-conversion -Wno-float-conversion -Wnon-literal-null-conversion -Wobjc-literal-conversion -Wshorten-64-to-32 -Wno-newline-eof -Wno-c++11-extensions -Wno-implicit-fallthrough -fstrict-aliasing -Wdeprecated-declarations -Winvalid-offsetof -Wno-sign-conversion -Winfinite-recursion -Wmove -Wcomma -Wblock-capture-autoreleasing -Wstrict-prototypes -Wrange-loop-analysis -Wno-semicolon-before-method-body -Wunguarded-availability -index-store-path /Users/cepl/Library/Developer/Xcode/DerivedData/MahaVistaar-fftejvycvpanihalgfoabwgqljvt/Index.noindex/DataStore @/Users/cepl/Library/Developer/Xcode/DerivedData/MahaVistaar-fftejvycvpanihalgfoabwgqljvt/Build/Intermediates.noindex/Pods.build/Debug-iphonesimulator/RCT-Folly.build/Objects-normal/arm64/82b82416624d2658e5098eb0a28c15c5-common-args.resp -Wno-documentation -faligned-new -include /Users/cepl/Documents/GWLProjects/MahaVistaar-app/ios/Pods/Target\ Support\ Files/RCT-Folly/RCT-Folly-prefix.pch -MMD -MT dependencies -MF /Users/cepl/Library/Developer/Xcode/DerivedData/MahaVistaar-fftejvycvpanihalgfoabwgqljvt/Build/Intermediates.noindex/Pods.build/Debug-iphonesimulator/RCT-Folly.build/Objects-normal/arm64/StaticSingletonManager.d --serialize-diagnostics /Users/cepl/Library/Developer/Xcode/DerivedData/MahaVistaar-fftejvycvpanihalgfoabwgqljvt/Build/Intermediates.noindex/Pods.build/Debug-iphonesimulator/RCT-Folly.build/Objects-normal/arm64/StaticSingletonManager.dia -c /Users/cepl/Documents/GWLProjects/MahaVistaar-app/ios/Pods/RCT-Folly/folly/detail/StaticSingletonManager.cpp -o /Users/cepl/Library/Developer/Xcode/DerivedData/MahaVistaar-fftejvycvpanihalgfoabwgqljvt/Build/Intermediates.noindex/Pods.build/Debug-iphonesimulator/RCT-Folly.build/Objects-normal/arm64/StaticSingletonManager.o -index-unit-output-path /Pods.build/Debug-iphonesimulator/RCT-Folly.build/Objects-normal/arm64/StaticSingletonManager.o
error \=non-modular-include-in-framework-module -Wno-trigraphs -Wno-missing-field-initializers -Wno-missing-prototypes -Werror\=return-type -Wdocumentation -Wunreachable-code -Werror\=deprecated-objc-isa-usage -Werror\=objc-root-class -Wno-non-virtual-dtor -Wno-overloaded-virtual -Wno-exit-time-destructors -Wno-missing-braces -Wparentheses -Wswitch -Wunused-function -Wno-unused-label -Wno-unused-parameter -Wunused-variable -Wunused-value -Wempty-body -Wuninitialized -Wconditional-uninitialized -Wno-unknown-pragmas -w -Wno-shadow -Wno-four-char-constants -Wno-conversion -Wconstant-conversion -Wint-conversion -Wbool-conversion -Wenum-conversion -Wno-float-conversion -Wnon-literal-null-conversion -Wobjc-literal-conversion -Wshorten-64-to-32 -Wno-newline-eof -Wno-c++11-extensions -Wno-implicit-fallthrough -fstrict-aliasing -Wdeprecated-declarations -Winvalid-offsetof -Wno-sign-conversion -Winfinite-recursion -Wmove -Wcomma -Wblock-capture-autoreleasing -Wstrict-prototypes -Wrange-loop-analysis -Wno-semicolon-before-method-body -Wunguarded-availability -index-store-path /Users/cepl/Library/Developer/Xcode/DerivedData/MahaVistaar-fftejvycvpanihalgfoabwgqljvt/Index.noindex/DataStore @/Users/cepl/Library/Developer/Xcode/DerivedData/MahaVistaar-fftejvycvpanihalgfoabwgqljvt/Build/Intermediates.noindex/Pods.build/Debug-iphonesimulator/RCT-Folly.build/Objects-normal/arm64/82b82416624d2658e5098eb0a28c15c5-common-args.resp -Wno-documentation -faligned-new -include /Users/cepl/Documents/GWLProjects/MahaVistaar-app/ios/Pods/Target\ Support\ Files/RCT-Folly/RCT-Folly-prefix.pch -MMD -MT dependencies -MF /Users/cepl/Library/Developer/Xcode/DerivedData/MahaVistaar-fftejvycvpanihalgfoabwgqljvt/Build/Intermediates.noindex/Pods.build/Debug-iphonesimulator/RCT-Folly.build/Objects-normal/arm64/SpookyHashV2.d --serialize-diagnostics /Users/cepl/Library/Developer/Xcode/DerivedData/MahaVistaar-fftejvycvpanihalgfoabwgqljvt/Build/Intermediates.noindex/Pods.build/Debug-iphonesimulator/RCT-Folly.build/Objects-normal/arm64/SpookyHashV2.dia -c /Users/cepl/Documents/GWLProjects/MahaVistaar-app/ios/Pods/RCT-Folly/folly/hash/SpookyHashV2.cpp -o /Users/cepl/Library/Developer/Xcode/DerivedData/MahaVistaar-fftejvycvpanihalgfoabwgqljvt/Build/Intermediates.noindex/Pods.build/Debug-iphonesimulator/RCT-Folly.build/Objects-normal/arm64/SpookyHashV2.o -index-unit-output-path /Pods.build/Debug-iphonesimulator/RCT-Folly.build/Objects-normal/arm64/SpookyHashV2.o
error \=non-modular-include-in-framework-module -Wno-trigraphs -Wno-missing-field-initializers -Wno-missing-prototypes -Werror\=return-type -Wdocumentation -Wunreachable-code -Werror\=deprecated-objc-isa-usage -Werror\=objc-root-class -Wno-non-virtual-dtor -Wno-overloaded-virtual -Wno-exit-time-destructors -Wno-missing-braces -Wparentheses -Wswitch -Wunused-function -Wno-unused-label -Wno-unused-parameter -Wunused-variable -Wunused-value -Wempty-body -Wuninitialized -Wconditional-uninitialized -Wno-unknown-pragmas -w -Wno-shadow -Wno-four-char-constants -Wno-conversion -Wconstant-conversion -Wint-conversion -Wbool-conversion -Wenum-conversion -Wno-float-conversion -Wnon-literal-null-conversion -Wobjc-literal-conversion -Wshorten-64-to-32 -Wno-newline-eof -Wno-c++11-extensions -Wno-implicit-fallthrough -fstrict-aliasing -Wdeprecated-declarations -Winvalid-offsetof -Wno-sign-conversion -Winfinite-recursion -Wmove -Wcomma -Wblock-capture-autoreleasing -Wstrict-prototypes -Wrange-loop-analysis -Wno-semicolon-before-method-body -Wunguarded-availability -index-store-path /Users/cepl/Library/Developer/Xcode/DerivedData/MahaVistaar-fftejvycvpanihalgfoabwgqljvt/Index.noindex/DataStore @/Users/cepl/Library/Developer/Xcode/DerivedData/MahaVistaar-fftejvycvpanihalgfoabwgqljvt/Build/Intermediates.noindex/Pods.build/Debug-iphonesimulator/RCT-Folly.build/Objects-normal/arm64/82b82416624d2658e5098eb0a28c15c5-common-args.resp -Wno-documentation -faligned-new -include /Users/cepl/Documents/GWLProjects/MahaVistaar-app/ios/Pods/Target\ Support\ Files/RCT-Folly/RCT-Folly-prefix.pch -MMD -MT dependencies -MF /Users/cepl/Library/Developer/Xcode/DerivedData/MahaVistaar-fftejvycvpanihalgfoabwgqljvt/Build/Intermediates.noindex/Pods.build/Debug-iphonesimulator/RCT-Folly.build/Objects-normal/arm64/SplitStringSimd.d --serialize-diagnostics /Users/cepl/Library/Developer/Xcode/DerivedData/MahaVistaar-fftejvycvpanihalgfoabwgqljvt/Build/Intermediates.noindex/Pods.build/Debug-iphonesimulator/RCT-Folly.build/Objects-normal/arm64/SplitStringSimd.dia -c /Users/cepl/Documents/GWLProjects/MahaVistaar-app/ios/Pods/RCT-Folly/folly/detail/SplitStringSimd.cpp -o /Users/cepl/Library/Developer/Xcode/DerivedData/MahaVistaar-fftejvycvpanihalgfoabwgqljvt/Build/Intermediates.noindex/Pods.build/Debug-iphonesimulator/RCT-Folly.build/Objects-normal/arm64/SplitStringSimd.o -index-unit-output-path /Pods.build/Debug-iphonesimulator/RCT-Folly.build/Objects-normal/arm64/SplitStringSimd.o
error \=non-modular-include-in-framework-module -Wno-trigraphs -Wno-missing-field-initializers -Wno-missing-prototypes -Werror\=return-type -Wdocumentation -Wunreachable-code -Werror\=deprecated-objc-isa-usage -Werror\=objc-root-class -Wno-non-virtual-dtor -Wno-overloaded-virtual -Wno-exit-time-destructors -Wno-missing-braces -Wparentheses -Wswitch -Wunused-function -Wno-unused-label -Wno-unused-parameter -Wunused-variable -Wunused-value -Wempty-body -Wuninitialized -Wconditional-uninitialized -Wno-unknown-pragmas -w -Wno-shadow -Wno-four-char-constants -Wno-conversion -Wconstant-conversion -Wint-conversion -Wbool-conversion -Wenum-conversion -Wno-float-conversion -Wnon-literal-null-conversion -Wobjc-literal-conversion -Wshorten-64-to-32 -Wno-newline-eof -Wno-c++11-extensions -Wno-implicit-fallthrough -fstrict-aliasing -Wdeprecated-declarations -Winvalid-offsetof -Wno-sign-conversion -Winfinite-recursion -Wmove -Wcomma -Wblock-capture-autoreleasing -Wstrict-prototypes -Wrange-loop-analysis -Wno-semicolon-before-method-body -Wunguarded-availability -index-store-path /Users/cepl/Library/Developer/Xcode/DerivedData/MahaVistaar-fftejvycvpanihalgfoabwgqljvt/Index.noindex/DataStore @/Users/cepl/Library/Developer/Xcode/DerivedData/MahaVistaar-fftejvycvpanihalgfoabwgqljvt/Build/Intermediates.noindex/Pods.build/Debug-iphonesimulator/RCT-Folly.build/Objects-normal/arm64/82b82416624d2658e5098eb0a28c15c5-common-args.resp -Wno-documentation -faligned-new -include /Users/cepl/Documents/GWLProjects/MahaVistaar-app/ios/Pods/Target\ Support\ Files/RCT-Folly/RCT-Folly-prefix.pch -MMD -MT dependencies -MF /Users/cepl/Library/Developer/Xcode/DerivedData/MahaVistaar-fftejvycvpanihalgfoabwgqljvt/Build/Intermediates.noindex/Pods.build/Debug-iphonesimulator/RCT-Folly.build/Objects-normal/arm64/SharedMutex.d --serialize-diagnostics /Users/cepl/Library/Developer/Xcode/DerivedData/MahaVistaar-fftejvycvpanihalgfoabwgqljvt/Build/Intermediates.noindex/Pods.build/Debug-iphonesimulator/RCT-Folly.build/Objects-normal/arm64/SharedMutex.dia -c /Users/cepl/Documents/GWLProjects/MahaVistaar-app/ios/Pods/RCT-Folly/folly/SharedMutex.cpp -o /Users/cepl/Library/Developer/Xcode/DerivedData/MahaVistaar-fftejvycvpanihalgfoabwgqljvt/Build/Intermediates.noindex/Pods.build/Debug-iphonesimulator/RCT-Folly.build/Objects-normal/arm64/SharedMutex.o -index-unit-output-path /Pods.build/Debug-iphonesimulator/RCT-Folly.build/Objects-normal/arm64/SharedMutex.o
error \=non-modular-include-in-framework-module -Wno-trigraphs -Wno-missing-field-initializers -Wno-missing-prototypes -Werror\=return-type -Wdocumentation -Wunreachable-code -Werror\=deprecated-objc-isa-usage -Werror\=objc-root-class -Wno-non-virtual-dtor -Wno-overloaded-virtual -Wno-exit-time-destructors -Wno-missing-braces -Wparentheses -Wswitch -Wunused-function -Wno-unused-label -Wno-unused-parameter -Wunused-variable -Wunused-value -Wempty-body -Wuninitialized -Wconditional-uninitialized -Wno-unknown-pragmas -w -Wno-shadow -Wno-four-char-constants -Wno-conversion -Wconstant-conversion -Wint-conversion -Wbool-conversion -Wenum-conversion -Wno-float-conversion -Wnon-literal-null-conversion -Wobjc-literal-conversion -Wshorten-64-to-32 -Wno-newline-eof -Wno-c++11-extensions -Wno-implicit-fallthrough -fstrict-aliasing -Wdeprecated-declarations -Winvalid-offsetof -Wno-sign-conversion -Winfinite-recursion -Wmove -Wcomma -Wblock-capture-autoreleasing -Wstrict-prototypes -Wrange-loop-analysis -Wno-semicolon-before-method-body -Wunguarded-availability -index-store-path /Users/cepl/Library/Developer/Xcode/DerivedData/MahaVistaar-fftejvycvpanihalgfoabwgqljvt/Index.noindex/DataStore @/Users/cepl/Library/Developer/Xcode/DerivedData/MahaVistaar-fftejvycvpanihalgfoabwgqljvt/Build/Intermediates.noindex/Pods.build/Debug-iphonesimulator/RCT-Folly.build/Objects-normal/arm64/82b82416624d2658e5098eb0a28c15c5-common-args.resp -Wno-documentation -faligned-new -include /Users/cepl/Documents/GWLProjects/MahaVistaar-app/ios/Pods/Target\ Support\ Files/RCT-Folly/RCT-Folly-prefix.pch -MMD -MT dependencies -MF /Users/cepl/Library/Developer/Xcode/DerivedData/MahaVistaar-fftejvycvpanihalgfoabwgqljvt/Build/Intermediates.noindex/Pods.build/Debug-iphonesimulator/RCT-Folly.build/Objects-normal/arm64/ScopeGuard.d --serialize-diagnostics /Users/cepl/Library/Developer/Xcode/DerivedData/MahaVistaar-fftejvycvpanihalgfoabwgqljvt/Build/Intermediates.noindex/Pods.build/Debug-iphonesimulator/RCT-Folly.build/Objects-normal/arm64/ScopeGuard.dia -c /Users/cepl/Documents/GWLProjects/MahaVistaar-app/ios/Pods/RCT-Folly/folly/ScopeGuard.cpp -o /Users/cepl/Library/Developer/Xcode/DerivedData/MahaVistaar-fftejvycvpanihalgfoabwgqljvt/Build/Intermediates.noindex/Pods.build/Debug-iphonesimulator/RCT-Folly.build/Objects-normal/arm64/ScopeGuard.o -index-unit-output-path /Pods.build/Debug-iphonesimulator/RCT-Folly.build/Objects-normal/arm64/ScopeGuard.o
error \=non-modular-include-in-framework-module -Wno-trigraphs -Wno-missing-field-initializers -Wno-missing-prototypes -Werror\=return-type -Wdocumentation -Wunreachable-code -Werror\=deprecated-objc-isa-usage -Werror\=objc-root-class -Wno-non-virtual-dtor -Wno-overloaded-virtual -Wno-exit-time-destructors -Wno-missing-braces -Wparentheses -Wswitch -Wunused-function -Wno-unused-label -Wno-unused-parameter -Wunused-variable -Wunused-value -Wempty-body -Wuninitialized -Wconditional-uninitialized -Wno-unknown-pragmas -w -Wno-shadow -Wno-four-char-constants -Wno-conversion -Wconstant-conversion -Wint-conversion -Wbool-conversion -Wenum-conversion -Wno-float-conversion -Wnon-literal-null-conversion -Wobjc-literal-conversion -Wshorten-64-to-32 -Wno-newline-eof -Wno-c++11-extensions -Wno-implicit-fallthrough -fstrict-aliasing -Wdeprecated-declarations -Winvalid-offsetof -Wno-sign-conversion -Winfinite-recursion -Wmove -Wcomma -Wblock-capture-autoreleasing -Wstrict-prototypes -Wrange-loop-analysis -Wno-semicolon-before-method-body -Wunguarded-availability -index-store-path /Users/cepl/Library/Developer/Xcode/DerivedData/MahaVistaar-fftejvycvpanihalgfoabwgqljvt/Index.noindex/DataStore @/Users/cepl/Library/Developer/Xcode/DerivedData/MahaVistaar-fftejvycvpanihalgfoabwgqljvt/Build/Intermediates.noindex/Pods.build/Debug-iphonesimulator/RCT-Folly.build/Objects-normal/arm64/82b82416624d2658e5098eb0a28c15c5-common-args.resp -Wno-documentation -faligned-new -include /Users/cepl/Documents/GWLProjects/MahaVistaar-app/ios/Pods/Target\ Support\ Files/RCT-Folly/RCT-Folly-prefix.pch -MMD -MT dependencies -MF /Users/cepl/Library/Developer/Xcode/DerivedData/MahaVistaar-fftejvycvpanihalgfoabwgqljvt/Build/Intermediates.noindex/Pods.build/Debug-iphonesimulator/RCT-Folly.build/Objects-normal/arm64/SanitizeThread.d --serialize-diagnostics /Users/cepl/Library/Developer/Xcode/DerivedData/MahaVistaar-fftejvycvpanihalgfoabwgqljvt/Build/Intermediates.noindex/Pods.build/Debug-iphonesimulator/RCT-Folly.build/Objects-normal/arm64/SanitizeThread.dia -c /Users/cepl/Documents/GWLProjects/MahaVistaar-app/ios/Pods/RCT-Folly/folly/synchronization/SanitizeThread.cpp -o /Users/cepl/Library/Developer/Xcode/DerivedData/MahaVistaar-fftejvycvpanihalgfoabwgqljvt/Build/Intermediates.noindex/Pods.build/Debug-iphonesimulator/RCT-Folly.build/Objects-normal/arm64/SanitizeThread.o -index-unit-output-path /Pods.build/Debug-iphonesimulator/RCT-Folly.build/Objects-normal/arm64/SanitizeThread.o
error \=non-modular-include-in-framework-module -Wno-trigraphs -Wno-missing-field-initializers -Wno-missing-prototypes -Werror\=return-type -Wdocumentation -Wunreachable-code -Werror\=deprecated-objc-isa-usage -Werror\=objc-root-class -Wno-non-virtual-dtor -Wno-overloaded-virtual -Wno-exit-time-destructors -Wno-missing-braces -Wparentheses -Wswitch -Wunused-function -Wno-unused-label -Wno-unused-parameter -Wunused-variable -Wunused-value -Wempty-body -Wuninitialized -Wconditional-uninitialized -Wno-unknown-pragmas -w -Wno-shadow -Wno-four-char-constants -Wno-conversion -Wconstant-conversion -Wint-conversion -Wbool-conversion -Wenum-conversion -Wno-float-conversion -Wnon-literal-null-conversion -Wobjc-literal-conversion -Wshorten-64-to-32 -Wno-newline-eof -Wno-c++11-extensions -Wno-implicit-fallthrough -fstrict-aliasing -Wdeprecated-declarations -Winvalid-offsetof -Wno-sign-conversion -Winfinite-recursion -Wmove -Wcomma -Wblock-capture-autoreleasing -Wstrict-prototypes -Wrange-loop-analysis -Wno-semicolon-before-method-body -Wunguarded-availability -index-store-path /Users/cepl/Library/Developer/Xcode/DerivedData/MahaVistaar-fftejvycvpanihalgfoabwgqljvt/Index.noindex/DataStore @/Users/cepl/Library/Developer/Xcode/DerivedData/MahaVistaar-fftejvycvpanihalgfoabwgqljvt/Build/Intermediates.noindex/Pods.build/Debug-iphonesimulator/RCT-Folly.build/Objects-normal/arm64/82b82416624d2658e5098eb0a28c15c5-common-args.resp -Wno-documentation -faligned-new -include /Users/cepl/Documents/GWLProjects/MahaVistaar-app/ios/Pods/Target\ Support\ Files/RCT-Folly/RCT-Folly-prefix.pch -MMD -MT dependencies -MF /Users/cepl/Library/Developer/Xcode/DerivedData/MahaVistaar-fftejvycvpanihalgfoabwgqljvt/Build/Intermediates.noindex/Pods.build/Debug-iphonesimulator/RCT-Folly.build/Objects-normal/arm64/SafeAssert.d --serialize-diagnostics /Users/cepl/Library/Developer/Xcode/DerivedData/MahaVistaar-fftejvycvpanihalgfoabwgqljvt/Build/Intermediates.noindex/Pods.build/Debug-iphonesimulator/RCT-Folly.build/Objects-normal/arm64/SafeAssert.dia -c /Users/cepl/Documents/GWLProjects/MahaVistaar-app/ios/Pods/RCT-Folly/folly/lang/SafeAssert.cpp -o /Users/cepl/Library/Developer/Xcode/DerivedData/MahaVistaar-fftejvycvpanihalgfoabwgqljvt/Build/Intermediates.noindex/Pods.build/Debug-iphonesimulator/RCT-Folly.build/Objects-normal/arm64/SafeAssert.o -index-unit-output-path /Pods.build/Debug-iphonesimulator/RCT-Folly.build/Objects-normal/arm64/SafeAssert.o
error \=non-modular-include-in-framework-module -Wno-trigraphs -Wno-missing-field-initializers -Wno-missing-prototypes -Werror\=return-type -Wdocumentation -Wunreachable-code -Werror\=deprecated-objc-isa-usage -Werror\=objc-root-class -Wno-non-virtual-dtor -Wno-overloaded-virtual -Wno-exit-time-destructors -Wno-missing-braces -Wparentheses -Wswitch -Wunused-function -Wno-unused-label -Wno-unused-parameter -Wunused-variable -Wunused-value -Wempty-body -Wuninitialized -Wconditional-uninitialized -Wno-unknown-pragmas -w -Wno-shadow -Wno-four-char-constants -Wno-conversion -Wconstant-conversion -Wint-conversion -Wbool-conversion -Wenum-conversion -Wno-float-conversion -Wnon-literal-null-conversion -Wobjc-literal-conversion -Wshorten-64-to-32 -Wno-newline-eof -Wno-c++11-extensions -Wno-implicit-fallthrough -fstrict-aliasing -Wdeprecated-declarations -Winvalid-offsetof -Wno-sign-conversion -Winfinite-recursion -Wmove -Wcomma -Wblock-capture-autoreleasing -Wstrict-prototypes -Wrange-loop-analysis -Wno-semicolon-before-method-body -Wunguarded-availability -index-store-path /Users/cepl/Library/Developer/Xcode/DerivedData/MahaVistaar-fftejvycvpanihalgfoabwgqljvt/Index.noindex/DataStore @/Users/cepl/Library/Developer/Xcode/DerivedData/MahaVistaar-fftejvycvpanihalgfoabwgqljvt/Build/Intermediates.noindex/Pods.build/Debug-iphonesimulator/RCT-Folly.build/Objects-normal/arm64/82b82416624d2658e5098eb0a28c15c5-common-args.resp -Wno-documentation -faligned-new -include /Users/cepl/Documents/GWLProjects/MahaVistaar-app/ios/Pods/Target\ Support\ Files/RCT-Folly/RCT-Folly-prefix.pch -MMD -MT dependencies -MF /Users/cepl/Library/Developer/Xcode/DerivedData/MahaVistaar-fftejvycvpanihalgfoabwgqljvt/Build/Intermediates.noindex/Pods.build/Debug-iphonesimulator/RCT-Folly.build/Objects-normal/arm64/ReentrantAllocator.d --serialize-diagnostics /Users/cepl/Library/Developer/Xcode/DerivedData/MahaVistaar-fftejvycvpanihalgfoabwgqljvt/Build/Intermediates.noindex/Pods.build/Debug-iphonesimulator/RCT-Folly.build/Objects-normal/arm64/ReentrantAllocator.dia -c /Users/cepl/Documents/GWLProjects/MahaVistaar-app/ios/Pods/RCT-Folly/folly/memory/ReentrantAllocator.cpp -o /Users/cepl/Library/Developer/Xcode/DerivedData/MahaVistaar-fftejvycvpanihalgfoabwgqljvt/Build/Intermediates.noindex/Pods.build/Debug-iphonesimulator/RCT-Folly.build/Objects-normal/arm64/ReentrantAllocator.o -index-unit-output-path /Pods.build/Debug-iphonesimulator/RCT-Folly.build/Objects-normal/arm64/ReentrantAllocator.o
error \=non-modular-include-in-framework-module -Wno-trigraphs -Wno-missing-field-initializers -Wno-missing-prototypes -Werror\=return-type -Wdocumentation -Wunreachable-code -Werror\=deprecated-objc-isa-usage -Werror\=objc-root-class -Wno-non-virtual-dtor -Wno-overloaded-virtual -Wno-exit-time-destructors -Wno-missing-braces -Wparentheses -Wswitch -Wunused-function -Wno-unused-label -Wno-unused-parameter -Wunused-variable -Wunused-value -Wempty-body -Wuninitialized -Wconditional-uninitialized -Wno-unknown-pragmas -w -Wno-shadow -Wno-four-char-constants -Wno-conversion -Wconstant-conversion -Wint-conversion -Wbool-conversion -Wenum-conversion -Wno-float-conversion -Wnon-literal-null-conversion -Wobjc-literal-conversion -Wshorten-64-to-32 -Wno-newline-eof -Wno-c++11-extensions -Wno-implicit-fallthrough -fstrict-aliasing -Wdeprecated-declarations -Winvalid-offsetof -Wno-sign-conversion -Winfinite-recursion -Wmove -Wcomma -Wblock-capture-autoreleasing -Wstrict-prototypes -Wrange-loop-analysis -Wno-semicolon-before-method-body -Wunguarded-availability -index-store-path /Users/cepl/Library/Developer/Xcode/DerivedData/MahaVistaar-fftejvycvpanihalgfoabwgqljvt/Index.noindex/DataStore @/Users/cepl/Library/Developer/Xcode/DerivedData/MahaVistaar-fftejvycvpanihalgfoabwgqljvt/Build/Intermediates.noindex/Pods.build/Debug-iphonesimulator/RCT-Folly.build/Objects-normal/arm64/82b82416624d2658e5098eb0a28c15c5-common-args.resp -Wno-documentation -faligned-new -include /Users/cepl/Documents/GWLProjects/MahaVistaar-app/ios/Pods/Target\ Support\ Files/RCT-Folly/RCT-Folly-prefix.pch -MMD -MT dependencies -MF /Users/cepl/Library/Developer/Xcode/DerivedData/MahaVistaar-fftejvycvpanihalgfoabwgqljvt/Build/Intermediates.noindex/Pods.build/Debug-iphonesimulator/RCT-Folly.build/Objects-normal/arm64/ParkingLot.d --serialize-diagnostics /Users/cepl/Library/Developer/Xcode/DerivedData/MahaVistaar-fftejvycvpanihalgfoabwgqljvt/Build/Intermediates.noindex/Pods.build/Debug-iphonesimulator/RCT-Folly.build/Objects-normal/arm64/ParkingLot.dia -c /Users/cepl/Documents/GWLProjects/MahaVistaar-app/ios/Pods/RCT-Folly/folly/synchronization/ParkingLot.cpp -o /Users/cepl/Library/Developer/Xcode/DerivedData/MahaVistaar-fftejvycvpanihalgfoabwgqljvt/Build/Intermediates.noindex/Pods.build/Debug-iphonesimulator/RCT-Folly.build/Objects-normal/arm64/ParkingLot.o -index-unit-output-path /Pods.build/Debug-iphonesimulator/RCT-Folly.build/Objects-normal/arm64/ParkingLot.o
error \=non-modular-include-in-framework-module -Wno-trigraphs -Wno-missing-field-initializers -Wno-missing-prototypes -Werror\=return-type -Wdocumentation -Wunreachable-code -Werror\=deprecated-objc-isa-usage -Werror\=objc-root-class -Wno-non-virtual-dtor -Wno-overloaded-virtual -Wno-exit-time-destructors -Wno-missing-braces -Wparentheses -Wswitch -Wunused-function -Wno-unused-label -Wno-unused-parameter -Wunused-variable -Wunused-value -Wempty-body -Wuninitialized -Wconditional-uninitialized -Wno-unknown-pragmas -w -Wno-shadow -Wno-four-char-constants -Wno-conversion -Wconstant-conversion -Wint-conversion -Wbool-conversion -Wenum-conversion -Wno-float-conversion -Wnon-literal-null-conversion -Wobjc-literal-conversion -Wshorten-64-to-32 -Wno-newline-eof -Wno-c++11-extensions -Wno-implicit-fallthrough -fstrict-aliasing -Wdeprecated-declarations -Winvalid-offsetof -Wno-sign-conversion -Winfinite-recursion -Wmove -Wcomma -Wblock-capture-autoreleasing -Wstrict-prototypes -Wrange-loop-analysis -Wno-semicolon-before-method-body -Wunguarded-availability -index-store-path /Users/cepl/Library/Developer/Xcode/DerivedData/MahaVistaar-fftejvycvpanihalgfoabwgqljvt/Index.noindex/DataStore @/Users/cepl/Library/Developer/Xcode/DerivedData/MahaVistaar-fftejvycvpanihalgfoabwgqljvt/Build/Intermediates.noindex/Pods.build/Debug-iphonesimulator/RCT-Folly.build/Objects-normal/arm64/82b82416624d2658e5098eb0a28c15c5-common-args.resp -Wno-documentation -faligned-new -include /Users/cepl/Documents/GWLProjects/MahaVistaar-app/ios/Pods/Target\ Support\ Files/RCT-Folly/RCT-Folly-prefix.pch -MMD -MT dependencies -MF /Users/cepl/Library/Developer/Xcode/DerivedData/MahaVistaar-fftejvycvpanihalgfoabwgqljvt/Build/Intermediates.noindex/Pods.build/Debug-iphonesimulator/RCT-Folly.build/Objects-normal/arm64/NetOps.d --serialize-diagnostics /Users/cepl/Library/Developer/Xcode/DerivedData/MahaVistaar-fftejvycvpanihalgfoabwgqljvt/Build/Intermediates.noindex/Pods.build/Debug-iphonesimulator/RCT-Folly.build/Objects-normal/arm64/NetOps.dia -c /Users/cepl/Documents/GWLProjects/MahaVistaar-app/ios/Pods/RCT-Folly/folly/net/NetOps.cpp -o /Users/cepl/Library/Developer/Xcode/DerivedData/MahaVistaar-fftejvycvpanihalgfoabwgqljvt/Build/Intermediates.noindex/Pods.build/Debug-iphonesimulator/RCT-Folly.build/Objects-normal/arm64/NetOps.o -index-unit-output-path /Pods.build/Debug-iphonesimulator/RCT-Folly.build/Objects-normal/arm64/NetOps.o
error \=non-modular-include-in-framework-module -Wno-trigraphs -Wno-missing-field-initializers -Wno-missing-prototypes -Werror\=return-type -Wdocumentation -Wunreachable-code -Werror\=deprecated-objc-isa-usage -Werror\=objc-root-class -Wno-non-virtual-dtor -Wno-overloaded-virtual -Wno-exit-time-destructors -Wno-missing-braces -Wparentheses -Wswitch -Wunused-function -Wno-unused-label -Wno-unused-parameter -Wunused-variable -Wunused-value -Wempty-body -Wuninitialized -Wconditional-uninitialized -Wno-unknown-pragmas -w -Wno-shadow -Wno-four-char-constants -Wno-conversion -Wconstant-conversion -Wint-conversion -Wbool-conversion -Wenum-conversion -Wno-float-conversion -Wnon-literal-null-conversion -Wobjc-literal-conversion -Wshorten-64-to-32 -Wno-newline-eof -Wno-c++11-extensions -Wno-implicit-fallthrough -fstrict-aliasing -Wdeprecated-declarations -Winvalid-offsetof -Wno-sign-conversion -Winfinite-recursion -Wmove -Wcomma -Wblock-capture-autoreleasing -Wstrict-prototypes -Wrange-loop-analysis -Wno-semicolon-before-method-body -Wunguarded-availability -index-store-path /Users/cepl/Library/Developer/Xcode/DerivedData/MahaVistaar-fftejvycvpanihalgfoabwgqljvt/Index.noindex/DataStore @/Users/cepl/Library/Developer/Xcode/DerivedData/MahaVistaar-fftejvycvpanihalgfoabwgqljvt/Build/Intermediates.noindex/Pods.build/Debug-iphonesimulator/RCT-Folly.build/Objects-normal/arm64/82b82416624d2658e5098eb0a28c15c5-common-args.resp -Wno-documentation -faligned-new -include /Users/cepl/Documents/GWLProjects/MahaVistaar-app/ios/Pods/Target\ Support\ Files/RCT-Folly/RCT-Folly-prefix.pch -MMD -MT dependencies -MF /Users/cepl/Library/Developer/Xcode/DerivedData/MahaVistaar-fftejvycvpanihalgfoabwgqljvt/Build/Intermediates.noindex/Pods.build/Debug-iphonesimulator/RCT-Folly.build/Objects-normal/arm64/MallocImpl.d --serialize-diagnostics /Users/cepl/Library/Developer/Xcode/DerivedData/MahaVistaar-fftejvycvpanihalgfoabwgqljvt/Build/Intermediates.noindex/Pods.build/Debug-iphonesimulator/RCT-Folly.build/Objects-normal/arm64/MallocImpl.dia -c /Users/cepl/Documents/GWLProjects/MahaVistaar-app/ios/Pods/RCT-Folly/folly/memory/detail/MallocImpl.cpp -o /Users/cepl/Library/Developer/Xcode/DerivedData/MahaVistaar-fftejvycvpanihalgfoabwgqljvt/Build/Intermediates.noindex/Pods.build/Debug-iphonesimulator/RCT-Folly.build/Objects-normal/arm64/MallocImpl.o -index-unit-output-path /Pods.build/Debug-iphonesimulator/RCT-Folly.build/Objects-normal/arm64/MallocImpl.o
error \=non-modular-include-in-framework-module -Wno-trigraphs -Wno-missing-field-initializers -Wno-missing-prototypes -Werror\=return-type -Wdocumentation -Wunreachable-code -Werror\=deprecated-objc-isa-usage -Werror\=objc-root-class -Wno-non-virtual-dtor -Wno-overloaded-virtual -Wno-exit-time-destructors -Wno-missing-braces -Wparentheses -Wswitch -Wunused-function -Wno-unused-label -Wno-unused-parameter -Wunused-variable -Wunused-value -Wempty-body -Wuninitialized -Wconditional-uninitialized -Wno-unknown-pragmas -w -Wno-shadow -Wno-four-char-constants -Wno-conversion -Wconstant-conversion -Wint-conversion -Wbool-conversion -Wenum-conversion -Wno-float-conversion -Wnon-literal-null-conversion -Wobjc-literal-conversion -Wshorten-64-to-32 -Wno-newline-eof -Wno-c++11-extensions -Wno-implicit-fallthrough -fstrict-aliasing -Wdeprecated-declarations -Winvalid-offsetof -Wno-sign-conversion -Winfinite-recursion -Wmove -Wcomma -Wblock-capture-autoreleasing -Wstrict-prototypes -Wrange-loop-analysis -Wno-semicolon-before-method-body -Wunguarded-availability -index-store-path /Users/cepl/Library/Developer/Xcode/DerivedData/MahaVistaar-fftejvycvpanihalgfoabwgqljvt/Index.noindex/DataStore @/Users/cepl/Library/Developer/Xcode/DerivedData/MahaVistaar-fftejvycvpanihalgfoabwgqljvt/Build/Intermediates.noindex/Pods.build/Debug-iphonesimulator/RCT-Folly.build/Objects-normal/arm64/82b82416624d2658e5098eb0a28c15c5-common-args.resp -Wno-documentation -faligned-new -include /Users/cepl/Documents/GWLProjects/MahaVistaar-app/ios/Pods/Target\ Support\ Files/RCT-Folly/RCT-Folly-prefix.pch -MMD -MT dependencies -MF /Users/cepl/Library/Developer/Xcode/DerivedData/MahaVistaar-fftejvycvpanihalgfoabwgqljvt/Build/Intermediates.noindex/Pods.build/Debug-iphonesimulator/RCT-Folly.build/Objects-normal/arm64/Futex.d --serialize-diagnostics /Users/cepl/Library/Developer/Xcode/DerivedData/MahaVistaar-fftejvycvpanihalgfoabwgqljvt/Build/Intermediates.noindex/Pods.build/Debug-iphonesimulator/RCT-Folly.build/Objects-normal/arm64/Futex.dia -c /Users/cepl/Documents/GWLProjects/MahaVistaar-app/ios/Pods/RCT-Folly/folly/detail/Futex.cpp -o /Users/cepl/Library/Developer/Xcode/DerivedData/MahaVistaar-fftejvycvpanihalgfoabwgqljvt/Build/Intermediates.noindex/Pods.build/Debug-iphonesimulator/RCT-Folly.build/Objects-normal/arm64/Futex.o -index-unit-output-path /Pods.build/Debug-iphonesimulator/RCT-Folly.build/Objects-normal/arm64/Futex.o
error \=non-modular-include-in-framework-module -Wno-trigraphs -Wno-missing-field-initializers -Wno-missing-prototypes -Werror\=return-type -Wdocumentation -Wunreachable-code -Werror\=deprecated-objc-isa-usage -Werror\=objc-root-class -Wno-non-virtual-dtor -Wno-overloaded-virtual -Wno-exit-time-destructors -Wno-missing-braces -Wparentheses -Wswitch -Wunused-function -Wno-unused-label -Wno-unused-parameter -Wunused-variable -Wunused-value -Wempty-body -Wuninitialized -Wconditional-uninitialized -Wno-unknown-pragmas -w -Wno-shadow -Wno-four-char-constants -Wno-conversion -Wconstant-conversion -Wint-conversion -Wbool-conversion -Wenum-conversion -Wno-float-conversion -Wnon-literal-null-conversion -Wobjc-literal-conversion -Wshorten-64-to-32 -Wno-newline-eof -Wno-c++11-extensions -Wno-implicit-fallthrough -fstrict-aliasing -Wdeprecated-declarations -Winvalid-offsetof -Wno-sign-conversion -Winfinite-recursion -Wmove -Wcomma -Wblock-capture-autoreleasing -Wstrict-prototypes -Wrange-loop-analysis -Wno-semicolon-before-method-body -Wunguarded-availability -index-store-path /Users/cepl/Library/Developer/Xcode/DerivedData/MahaVistaar-fftejvycvpanihalgfoabwgqljvt/Index.noindex/DataStore @/Users/cepl/Library/Developer/Xcode/DerivedData/MahaVistaar-fftejvycvpanihalgfoabwgqljvt/Build/Intermediates.noindex/Pods.build/Debug-iphonesimulator/RCT-Folly.build/Objects-normal/arm64/82b82416624d2658e5098eb0a28c15c5-common-args.resp -Wno-documentation -faligned-new -include /Users/cepl/Documents/GWLProjects/MahaVistaar-app/ios/Pods/Target\ Support\ Files/RCT-Folly/RCT-Folly-prefix.pch -MMD -MT dependencies -MF /Users/cepl/Library/Developer/Xcode/DerivedData/MahaVistaar-fftejvycvpanihalgfoabwgqljvt/Build/Intermediates.noindex/Pods.build/Debug-iphonesimulator/RCT-Folly.build/Objects-normal/arm64/Format.d --serialize-diagnostics /Users/cepl/Library/Developer/Xcode/DerivedData/MahaVistaar-fftejvycvpanihalgfoabwgqljvt/Build/Intermediates.noindex/Pods.build/Debug-iphonesimulator/RCT-Folly.build/Objects-normal/arm64/Format.dia -c /Users/cepl/Documents/GWLProjects/MahaVistaar-app/ios/Pods/RCT-Folly/folly/Format.cpp -o /Users/cepl/Library/Developer/Xcode/DerivedData/MahaVistaar-fftejvycvpanihalgfoabwgqljvt/Build/Intermediates.noindex/Pods.build/Debug-iphonesimulator/RCT-Folly.build/Objects-normal/arm64/Format.o -index-unit-output-path /Pods.build/Debug-iphonesimulator/RCT-Folly.build/Objects-normal/arm64/Format.o
error \=non-modular-include-in-framework-module -Wno-trigraphs -Wno-missing-field-initializers -Wno-missing-prototypes -Werror\=return-type -Wdocumentation -Wunreachable-code -Werror\=deprecated-objc-isa-usage -Werror\=objc-root-class -Wno-non-virtual-dtor -Wno-overloaded-virtual -Wno-exit-time-destructors -Wno-missing-braces -Wparentheses -Wswitch -Wunused-function -Wno-unused-label -Wno-unused-parameter -Wunused-variable -Wunused-value -Wempty-body -Wuninitialized -Wconditional-uninitialized -Wno-unknown-pragmas -w -Wno-shadow -Wno-four-char-constants -Wno-conversion -Wconstant-conversion -Wint-conversion -Wbool-conversion -Wenum-conversion -Wno-float-conversion -Wnon-literal-null-conversion -Wobjc-literal-conversion -Wshorten-64-to-32 -Wno-newline-eof -Wno-c++11-extensions -Wno-implicit-fallthrough -fstrict-aliasing -Wdeprecated-declarations -Winvalid-offsetof -Wno-sign-conversion -Winfinite-recursion -Wmove -Wcomma -Wblock-capture-autoreleasing -Wstrict-prototypes -Wrange-loop-analysis -Wno-semicolon-before-method-body -Wunguarded-availability -index-store-path /Users/cepl/Library/Developer/Xcode/DerivedData/MahaVistaar-fftejvycvpanihalgfoabwgqljvt/Index.noindex/DataStore @/Users/cepl/Library/Developer/Xcode/DerivedData/MahaVistaar-fftejvycvpanihalgfoabwgqljvt/Build/Intermediates.noindex/Pods.build/Debug-iphonesimulator/RCT-Folly.build/Objects-normal/arm64/82b82416624d2658e5098eb0a28c15c5-common-args.resp -Wno-documentation -faligned-new -include /Users/cepl/Documents/GWLProjects/MahaVistaar-app/ios/Pods/Target\ Support\ Files/RCT-Folly/RCT-Folly-prefix.pch -MMD -MT dependencies -MF /Users/cepl/Library/Developer/Xcode/DerivedData/MahaVistaar-fftejvycvpanihalgfoabwgqljvt/Build/Intermediates.noindex/Pods.build/Debug-iphonesimulator/RCT-Folly.build/Objects-normal/arm64/FileUtilDetail.d --serialize-diagnostics /Users/cepl/Library/Developer/Xcode/DerivedData/MahaVistaar-fftejvycvpanihalgfoabwgqljvt/Build/Intermediates.noindex/Pods.build/Debug-iphonesimulator/RCT-Folly.build/Objects-normal/arm64/FileUtilDetail.dia -c /Users/cepl/Documents/GWLProjects/MahaVistaar-app/ios/Pods/RCT-Folly/folly/detail/FileUtilDetail.cpp -o /Users/cepl/Library/Developer/Xcode/DerivedData/MahaVistaar-fftejvycvpanihalgfoabwgqljvt/Build/Intermediates.noindex/Pods.build/Debug-iphonesimulator/RCT-Folly.build/Objects-normal/arm64/FileUtilDetail.o -index-unit-output-path /Pods.build/Debug-iphonesimulator/RCT-Folly.build/Objects-normal/arm64/FileUtilDetail.o
error \=non-modular-include-in-framework-module -Wno-trigraphs -Wno-missing-field-initializers -Wno-missing-prototypes -Werror\=return-type -Wdocumentation -Wunreachable-code -Werror\=deprecated-objc-isa-usage -Werror\=objc-root-class -Wno-non-virtual-dtor -Wno-overloaded-virtual -Wno-exit-time-destructors -Wno-missing-braces -Wparentheses -Wswitch -Wunused-function -Wno-unused-label -Wno-unused-parameter -Wunused-variable -Wunused-value -Wempty-body -Wuninitialized -Wconditional-uninitialized -Wno-unknown-pragmas -w -Wno-shadow -Wno-four-char-constants -Wno-conversion -Wconstant-conversion -Wint-conversion -Wbool-conversion -Wenum-conversion -Wno-float-conversion -Wnon-literal-null-conversion -Wobjc-literal-conversion -Wshorten-64-to-32 -Wno-newline-eof -Wno-c++11-extensions -Wno-implicit-fallthrough -fstrict-aliasing -Wdeprecated-declarations -Winvalid-offsetof -Wno-sign-conversion -Winfinite-recursion -Wmove -Wcomma -Wblock-capture-autoreleasing -Wstrict-prototypes -Wrange-loop-analysis -Wno-semicolon-before-method-body -Wunguarded-availability -index-store-path /Users/cepl/Library/Developer/Xcode/DerivedData/MahaVistaar-fftejvycvpanihalgfoabwgqljvt/Index.noindex/DataStore @/Users/cepl/Library/Developer/Xcode/DerivedData/MahaVistaar-fftejvycvpanihalgfoabwgqljvt/Build/Intermediates.noindex/Pods.build/Debug-iphonesimulator/RCT-Folly.build/Objects-normal/arm64/82b82416624d2658e5098eb0a28c15c5-common-args.resp -Wno-documentation -faligned-new -include /Users/cepl/Documents/GWLProjects/MahaVistaar-app/ios/Pods/Target\ Support\ Files/RCT-Folly/RCT-Folly-prefix.pch -MMD -MT dependencies -MF /Users/cepl/Library/Developer/Xcode/DerivedData/MahaVistaar-fftejvycvpanihalgfoabwgqljvt/Build/Intermediates.noindex/Pods.build/Debug-iphonesimulator/RCT-Folly.build/Objects-normal/arm64/FileUtil.d --serialize-diagnostics /Users/cepl/Library/Developer/Xcode/DerivedData/MahaVistaar-fftejvycvpanihalgfoabwgqljvt/Build/Intermediates.noindex/Pods.build/Debug-iphonesimulator/RCT-Folly.build/Objects-normal/arm64/FileUtil.dia -c /Users/cepl/Documents/GWLProjects/MahaVistaar-app/ios/Pods/RCT-Folly/folly/FileUtil.cpp -o /Users/cepl/Library/Developer/Xcode/DerivedData/MahaVistaar-fftejvycvpanihalgfoabwgqljvt/Build/Intermediates.noindex/Pods.build/Debug-iphonesimulator/RCT-Folly.build/Objects-normal/arm64/FileUtil.o -index-unit-output-path /Pods.build/Debug-iphonesimulator/RCT-Folly.build/Objects-normal/arm64/FileUtil.o
error \=non-modular-include-in-framework-module -Wno-trigraphs -Wno-missing-field-initializers -Wno-missing-prototypes -Werror\=return-type -Wdocumentation -Wunreachable-code -Werror\=deprecated-objc-isa-usage -Werror\=objc-root-class -Wno-non-virtual-dtor -Wno-overloaded-virtual -Wno-exit-time-destructors -Wno-missing-braces -Wparentheses -Wswitch -Wunused-function -Wno-unused-label -Wno-unused-parameter -Wunused-variable -Wunused-value -Wempty-body -Wuninitialized -Wconditional-uninitialized -Wno-unknown-pragmas -w -Wno-shadow -Wno-four-char-constants -Wno-conversion -Wconstant-conversion -Wint-conversion -Wbool-conversion -Wenum-conversion -Wno-float-conversion -Wnon-literal-null-conversion -Wobjc-literal-conversion -Wshorten-64-to-32 -Wno-newline-eof -Wno-c++11-extensions -Wno-implicit-fallthrough -fstrict-aliasing -Wdeprecated-declarations -Winvalid-offsetof -Wno-sign-conversion -Winfinite-recursion -Wmove -Wcomma -Wblock-capture-autoreleasing -Wstrict-prototypes -Wrange-loop-analysis -Wno-semicolon-before-method-body -Wunguarded-availability -index-store-path /Users/cepl/Library/Developer/Xcode/DerivedData/MahaVistaar-fftejvycvpanihalgfoabwgqljvt/Index.noindex/DataStore @/Users/cepl/Library/Developer/Xcode/DerivedData/MahaVistaar-fftejvycvpanihalgfoabwgqljvt/Build/Intermediates.noindex/Pods.build/Debug-iphonesimulator/RCT-Folly.build/Objects-normal/arm64/82b82416624d2658e5098eb0a28c15c5-common-args.resp -Wno-documentation -faligned-new -include /Users/cepl/Documents/GWLProjects/MahaVistaar-app/ios/Pods/Target\ Support\ Files/RCT-Folly/RCT-Folly-prefix.pch -MMD -MT dependencies -MF /Users/cepl/Library/Developer/Xcode/DerivedData/MahaVistaar-fftejvycvpanihalgfoabwgqljvt/Build/Intermediates.noindex/Pods.build/Debug-iphonesimulator/RCT-Folly.build/Objects-normal/arm64/F14Table.d --serialize-diagnostics /Users/cepl/Library/Developer/Xcode/DerivedData/MahaVistaar-fftejvycvpanihalgfoabwgqljvt/Build/Intermediates.noindex/Pods.build/Debug-iphonesimulator/RCT-Folly.build/Objects-normal/arm64/F14Table.dia -c /Users/cepl/Documents/GWLProjects/MahaVistaar-app/ios/Pods/RCT-Folly/folly/container/detail/F14Table.cpp -o /Users/cepl/Library/Developer/Xcode/DerivedData/MahaVistaar-fftejvycvpanihalgfoabwgqljvt/Build/Intermediates.noindex/Pods.build/Debug-iphonesimulator/RCT-Folly.build/Objects-normal/arm64/F14Table.o -index-unit-output-path /Pods.build/Debug-iphonesimulator/RCT-Folly.build/Objects-normal/arm64/F14Table.o
error \=non-modular-include-in-framework-module -Wno-trigraphs -Wno-missing-field-initializers -Wno-missing-prototypes -Werror\=return-type -Wdocumentation -Wunreachable-code -Werror\=deprecated-objc-isa-usage -Werror\=objc-root-class -Wno-non-virtual-dtor -Wno-overloaded-virtual -Wno-exit-time-destructors -Wno-missing-braces -Wparentheses -Wswitch -Wunused-function -Wno-unused-label -Wno-unused-parameter -Wunused-variable -Wunused-value -Wempty-body -Wuninitialized -Wconditional-uninitialized -Wno-unknown-pragmas -w -Wno-shadow -Wno-four-char-constants -Wno-conversion -Wconstant-conversion -Wint-conversion -Wbool-conversion -Wenum-conversion -Wno-float-conversion -Wnon-literal-null-conversion -Wobjc-literal-conversion -Wshorten-64-to-32 -Wno-newline-eof -Wno-c++11-extensions -Wno-implicit-fallthrough -fstrict-aliasing -Wdeprecated-declarations -Winvalid-offsetof -Wno-sign-conversion -Winfinite-recursion -Wmove -Wcomma -Wblock-capture-autoreleasing -Wstrict-prototypes -Wrange-loop-analysis -Wno-semicolon-before-method-body -Wunguarded-availability -index-store-path /Users/cepl/Library/Developer/Xcode/DerivedData/MahaVistaar-fftejvycvpanihalgfoabwgqljvt/Index.noindex/DataStore @/Users/cepl/Library/Developer/Xcode/DerivedData/MahaVistaar-fftejvycvpanihalgfoabwgqljvt/Build/Intermediates.noindex/Pods.build/Debug-iphonesimulator/RCT-Folly.build/Objects-normal/arm64/82b82416624d2658e5098eb0a28c15c5-common-args.resp -Wno-documentation -faligned-new -include /Users/cepl/Documents/GWLProjects/MahaVistaar-app/ios/Pods/Target\ Support\ Files/RCT-Folly/RCT-Folly-prefix.pch -MMD -MT dependencies -MF /Users/cepl/Library/Developer/Xcode/DerivedData/MahaVistaar-fftejvycvpanihalgfoabwgqljvt/Build/Intermediates.noindex/Pods.build/Debug-iphonesimulator/RCT-Folly.build/Objects-normal/arm64/Demangle.d --serialize-diagnostics /Users/cepl/Library/Developer/Xcode/DerivedData/MahaVistaar-fftejvycvpanihalgfoabwgqljvt/Build/Intermediates.noindex/Pods.build/Debug-iphonesimulator/RCT-Folly.build/Objects-normal/arm64/Demangle.dia -c /Users/cepl/Documents/GWLProjects/MahaVistaar-app/ios/Pods/RCT-Folly/folly/Demangle.cpp -o /Users/cepl/Library/Developer/Xcode/DerivedData/MahaVistaar-fftejvycvpanihalgfoabwgqljvt/Build/Intermediates.noindex/Pods.build/Debug-iphonesimulator/RCT-Folly.build/Objects-normal/arm64/Demangle.o -index-unit-output-path /Pods.build/Debug-iphonesimulator/RCT-Folly.build/Objects-normal/arm64/Demangle.o
error \=non-modular-include-in-framework-module -Wno-trigraphs -Wno-missing-field-initializers -Wno-missing-prototypes -Werror\=return-type -Wdocumentation -Wunreachable-code -Werror\=deprecated-objc-isa-usage -Werror\=objc-root-class -Wno-non-virtual-dtor -Wno-overloaded-virtual -Wno-exit-time-destructors -Wno-missing-braces -Wparentheses -Wswitch -Wunused-function -Wno-unused-label -Wno-unused-parameter -Wunused-variable -Wunused-value -Wempty-body -Wuninitialized -Wconditional-uninitialized -Wno-unknown-pragmas -w -Wno-shadow -Wno-four-char-constants -Wno-conversion -Wconstant-conversion -Wint-conversion -Wbool-conversion -Wenum-conversion -Wno-float-conversion -Wnon-literal-null-conversion -Wobjc-literal-conversion -Wshorten-64-to-32 -Wno-newline-eof -Wno-c++11-extensions -Wno-implicit-fallthrough -fstrict-aliasing -Wdeprecated-declarations -Winvalid-offsetof -Wno-sign-conversion -Winfinite-recursion -Wmove -Wcomma -Wblock-capture-autoreleasing -Wstrict-prototypes -Wrange-loop-analysis -Wno-semicolon-before-method-body -Wunguarded-availability -index-store-path /Users/cepl/Library/Developer/Xcode/DerivedData/MahaVistaar-fftejvycvpanihalgfoabwgqljvt/Index.noindex/DataStore @/Users/cepl/Library/Developer/Xcode/DerivedData/MahaVistaar-fftejvycvpanihalgfoabwgqljvt/Build/Intermediates.noindex/Pods.build/Debug-iphonesimulator/RCT-Folly.build/Objects-normal/arm64/82b82416624d2658e5098eb0a28c15c5-common-args.resp -Wno-documentation -faligned-new -include /Users/cepl/Documents/GWLProjects/MahaVistaar-app/ios/Pods/Target\ Support\ Files/RCT-Folly/RCT-Folly-prefix.pch -MMD -MT dependencies -MF /Users/cepl/Library/Developer/Xcode/DerivedData/MahaVistaar-fftejvycvpanihalgfoabwgqljvt/Build/Intermediates.noindex/Pods.build/Debug-iphonesimulator/RCT-Folly.build/Objects-normal/arm64/Conv.d --serialize-diagnostics /Users/cepl/Library/Developer/Xcode/DerivedData/MahaVistaar-fftejvycvpanihalgfoabwgqljvt/Build/Intermediates.noindex/Pods.build/Debug-iphonesimulator/RCT-Folly.build/Objects-normal/arm64/Conv.dia -c /Users/cepl/Documents/GWLProjects/MahaVistaar-app/ios/Pods/RCT-Folly/folly/Conv.cpp -o /Users/cepl/Library/Developer/Xcode/DerivedData/MahaVistaar-fftejvycvpanihalgfoabwgqljvt/Build/Intermediates.noindex/Pods.build/Debug-iphonesimulator/RCT-Folly.build/Objects-normal/arm64/Conv.o -index-unit-output-path /Pods.build/Debug-iphonesimulator/RCT-Folly.build/Objects-normal/arm64/Conv.o
error \=non-modular-include-in-framework-module -Wno-trigraphs -Wno-missing-field-initializers -Wno-missing-prototypes -Werror\=return-type -Wdocumentation -Wunreachable-code -Werror\=deprecated-objc-isa-usage -Werror\=objc-root-class -Wno-non-virtual-dtor -Wno-overloaded-virtual -Wno-exit-time-destructors -Wno-missing-braces -Wparentheses -Wswitch -Wunused-function -Wno-unused-label -Wno-unused-parameter -Wunused-variable -Wunused-value -Wempty-body -Wuninitialized -Wconditional-uninitialized -Wno-unknown-pragmas -w -Wno-shadow -Wno-four-char-constants -Wno-conversion -Wconstant-conversion -Wint-conversion -Wbool-conversion -Wenum-conversion -Wno-float-conversion -Wnon-literal-null-conversion -Wobjc-literal-conversion -Wshorten-64-to-32 -Wno-newline-eof -Wno-c++11-extensions -Wno-implicit-fallthrough -fstrict-aliasing -Wdeprecated-declarations -Winvalid-offsetof -Wno-sign-conversion -Winfinite-recursion -Wmove -Wcomma -Wblock-capture-autoreleasing -Wstrict-prototypes -Wrange-loop-analysis -Wno-semicolon-before-method-body -Wunguarded-availability -index-store-path /Users/cepl/Library/Developer/Xcode/DerivedData/MahaVistaar-fftejvycvpanihalgfoabwgqljvt/Index.noindex/DataStore @/Users/cepl/Library/Developer/Xcode/DerivedData/MahaVistaar-fftejvycvpanihalgfoabwgqljvt/Build/Intermediates.noindex/Pods.build/Debug-iphonesimulator/RCT-Folly.build/Objects-normal/arm64/82b82416624d2658e5098eb0a28c15c5-common-args.resp -Wno-documentation -faligned-new -include /Users/cepl/Documents/GWLProjects/MahaVistaar-app/ios/Pods/Target\ Support\ Files/RCT-Folly/RCT-Folly-prefix.pch -MMD -MT dependencies -MF /Users/cepl/Library/Developer/Xcode/DerivedData/MahaVistaar-fftejvycvpanihalgfoabwgqljvt/Build/Intermediates.noindex/Pods.build/Debug-iphonesimulator/RCT-Folly.build/Objects-normal/arm64/CacheLocality.d --serialize-diagnostics /Users/cepl/Library/Developer/Xcode/DerivedData/MahaVistaar-fftejvycvpanihalgfoabwgqljvt/Build/Intermediates.noindex/Pods.build/Debug-iphonesimulator/RCT-Folly.build/Objects-normal/arm64/CacheLocality.dia -c /Users/cepl/Documents/GWLProjects/MahaVistaar-app/ios/Pods/RCT-Folly/folly/concurrency/CacheLocality.cpp -o /Users/cepl/Library/Developer/Xcode/DerivedData/MahaVistaar-fftejvycvpanihalgfoabwgqljvt/Build/Intermediates.noindex/Pods.build/Debug-iphonesimulator/RCT-Folly.build/Objects-normal/arm64/CacheLocality.o -index-unit-output-path /Pods.build/Debug-iphonesimulator/RCT-Folly.build/Objects-normal/arm64/CacheLocality.o
error \=non-modular-include-in-framework-module -Wno-trigraphs -Wno-missing-field-initializers -Wno-missing-prototypes -Werror\=return-type -Wdocumentation -Wunreachable-code -Werror\=deprecated-objc-isa-usage -Werror\=objc-root-class -Wno-non-virtual-dtor -Wno-overloaded-virtual -Wno-exit-time-destructors -Wno-missing-braces -Wparentheses -Wswitch -Wunused-function -Wno-unused-label -Wno-unused-parameter -Wunused-variable -Wunused-value -Wempty-body -Wuninitialized -Wconditional-uninitialized -Wno-unknown-pragmas -w -Wno-shadow -Wno-four-char-constants -Wno-conversion -Wconstant-conversion -Wint-conversion -Wbool-conversion -Wenum-conversion -Wno-float-conversion -Wnon-literal-null-conversion -Wobjc-literal-conversion -Wshorten-64-to-32 -Wno-newline-eof -Wno-c++11-extensions -Wno-implicit-fallthrough -fstrict-aliasing -Wdeprecated-declarations -Winvalid-offsetof -Wno-sign-conversion -Winfinite-recursion -Wmove -Wcomma -Wblock-capture-autoreleasing -Wstrict-prototypes -Wrange-loop-analysis -Wno-semicolon-before-method-body -Wunguarded-availability -index-store-path /Users/cepl/Library/Developer/Xcode/DerivedData/MahaVistaar-fftejvycvpanihalgfoabwgqljvt/Index.noindex/DataStore @/Users/cepl/Library/Developer/Xcode/DerivedData/MahaVistaar-fftejvycvpanihalgfoabwgqljvt/Build/Intermediates.noindex/Pods.build/Debug-iphonesimulator/RCT-Folly.build/Objects-normal/arm64/82b82416624d2658e5098eb0a28c15c5-common-args.resp -Wno-documentation -faligned-new -include /Users/cepl/Documents/GWLProjects/MahaVistaar-app/ios/Pods/Target\ Support\ Files/RCT-Folly/RCT-Folly-prefix.pch -MMD -MT dependencies -MF /Users/cepl/Library/Developer/Xcode/DerivedData/MahaVistaar-fftejvycvpanihalgfoabwgqljvt/Build/Intermediates.noindex/Pods.build/Debug-iphonesimulator/RCT-Folly.build/Objects-normal/arm64/CString.d --serialize-diagnostics /Users/cepl/Library/Developer/Xcode/DerivedData/MahaVistaar-fftejvycvpanihalgfoabwgqljvt/Build/Intermediates.noindex/Pods.build/Debug-iphonesimulator/RCT-Folly.build/Objects-normal/arm64/CString.dia -c /Users/cepl/Documents/GWLProjects/MahaVistaar-app/ios/Pods/RCT-Folly/folly/lang/CString.cpp -o /Users/cepl/Library/Developer/Xcode/DerivedData/MahaVistaar-fftejvycvpanihalgfoabwgqljvt/Build/Intermediates.noindex/Pods.build/Debug-iphonesimulator/RCT-Folly.build/Objects-normal/arm64/CString.o -index-unit-output-path /Pods.build/Debug-iphonesimulator/RCT-Folly.build/Objects-normal/arm64/CString.o
error export GCC_WARN_UNDECLARED_SELECTOR\=YES
error \=non-modular-include-in-framework-module -Wno-trigraphs -Wno-missing-field-initializers -Wno-missing-prototypes -Werror\=return-type -Wdocumentation -Wunreachable-code -Werror\=deprecated-objc-isa-usage -Werror\=objc-root-class -Wno-non-virtual-dtor -Wno-overloaded-virtual -Wno-exit-time-destructors -Wno-missing-braces -Wparentheses -Wswitch -Wunused-function -Wno-unused-label -Wno-unused-parameter -Wunused-variable -Wunused-value -Wempty-body -Wuninitialized -Wconditional-uninitialized -Wno-unknown-pragmas -Wno-shadow -Wno-four-char-constants -Wno-conversion -Wconstant-conversion -Wint-conversion -Wbool-conversion -Wenum-conversion -Wno-float-conversion -Wnon-literal-null-conversion -Wobjc-literal-conversion -Wshorten-64-to-32 -Wno-newline-eof -Wno-c++11-extensions -Wno-implicit-fallthrough -fstrict-aliasing -Wdeprecated-declarations -Winvalid-offsetof -Wno-sign-conversion -Winfinite-recursion -Wmove -Wcomma -Wblock-capture-autoreleasing -Wstrict-prototypes -Wrange-loop-analysis -Wno-semicolon-before-method-body -Wunguarded-availability -index-store-path /Users/cepl/Library/Developer/Xcode/DerivedData/MahaVistaar-fftejvycvpanihalgfoabwgqljvt/Index.noindex/DataStore -Wno-comma -Wno-shorten-64-to-32 @/Users/cepl/Library/Developer/Xcode/DerivedData/MahaVistaar-fftejvycvpanihalgfoabwgqljvt/Build/Intermediates.noindex/Pods.build/Debug-iphonesimulator/RNReanimated.build/Objects-normal/arm64/82b82416624d2658e5098eb0a28c15c5-common-args.resp -DFOLLY_NO_CONFIG -DFOLLY_MOBILE\=1 -DFOLLY_USE_LIBCPP\=1 -Wno-comma -Wno-shorten-64-to-32 -DREACT_NATIVE_MINOR_VERSION\=83 -Wno-comma -Wno-shorten-64-to-32 -Wno-documentation -DRCT_NEW_ARCH_ENABLED\=1 -include /Users/cepl/Documents/GWLProjects/MahaVistaar-app/ios/Pods/Target\ Support\ Files/RNReanimated/RNReanimated-prefix.pch -MMD -MT dependencies -MF /Users/cepl/Library/Developer/Xcode/DerivedData/MahaVistaar-fftejvycvpanihalgfoabwgqljvt/Build/Intermediates.noindex/Pods.build/Debug-iphonesimulator/RNReanimated.build/Objects-normal/arm64/Shareables.d --serialize-diagnostics /Users/cepl/Library/Developer/Xcode/DerivedData/MahaVistaar-fftejvycvpanihalgfoabwgqljvt/Build/Intermediates.noindex/Pods.build/Debug-iphonesimulator/RNReanimated.build/Objects-normal/arm64/Shareables.dia -c /Users/cepl/Documents/GWLProjects/MahaVistaar-app/node_modules/react-native-reanimated/Common/cpp/SharedItems/Shareables.cpp -o /Users/cepl/Library/Developer/Xcode/DerivedData/MahaVistaar-fftejvycvpanihalgfoabwgqljvt/Build/Intermediates.noindex/Pods.build/Debug-iphonesimulator/RNReanimated.build/Objects-normal/arm64/Shareables.o -index-unit-output-path /Pods.build/Debug-iphonesimulator/RNReanimated.build/Objects-normal/arm64/Shareables.o
error \=non-modular-include-in-framework-module -Wno-trigraphs -Wno-missing-field-initializers -Wno-missing-prototypes -Werror\=return-type -Wdocumentation -Wunreachable-code -Wno-implicit-atomic-properties -Werror\=deprecated-objc-isa-usage -Wno-objc-interface-ivars -Werror\=objc-root-class -Wno-arc-repeated-use-of-weak -Wimplicit-retain-self -Wno-non-virtual-dtor -Wno-overloaded-virtual -Wno-exit-time-destructors -Wduplicate-method-match -Wno-missing-braces -Wparentheses -Wswitch -Wunused-function -Wno-unused-label -Wno-unused-parameter -Wunused-variable -Wunused-value -Wempty-body -Wuninitialized -Wconditional-uninitialized -Wno-unknown-pragmas -Wno-shadow -Wno-four-char-constants -Wno-conversion -Wconstant-conversion -Wint-conversion -Wbool-conversion -Wenum-conversion -Wno-float-conversion -Wnon-literal-null-conversion -Wobjc-literal-conversion -Wshorten-64-to-32 -Wno-newline-eof -Wno-selector -Wno-strict-selector-match -Wundeclared-selector -Wdeprecated-implementations -Wno-c++11-extensions -Wno-implicit-fallthrough -fstrict-aliasing -Wprotocol -Wdeprecated-declarations -Winvalid-offsetof -Wno-sign-conversion -Winfinite-recursion -Wmove -Wcomma -Wblock-capture-autoreleasing -Wstrict-prototypes -Wrange-loop-analysis -Wno-semicolon-before-method-body -Wunguarded-availability -index-store-path /Users/cepl/Library/Developer/Xcode/DerivedData/MahaVistaar-fftejvycvpanihalgfoabwgqljvt/Index.noindex/DataStore @/Users/cepl/Library/Developer/Xcode/DerivedData/MahaVistaar-fftejvycvpanihalgfoabwgqljvt/Build/Intermediates.noindex/Pods.build/Debug-iphonesimulator/ReactAppDependencyProvider.build/Objects-normal/arm64/af3fcb34312c57c0f52879cdce924b91-common-args.resp -include /Users/cepl/Documents/GWLProjects/MahaVistaar-app/ios/Pods/Target\ Support\ Files/ReactAppDependencyProvider/ReactAppDependencyProvider-prefix.pch -MMD -MT dependencies -MF /Users/cepl/Library/Developer/Xcode/DerivedData/MahaVistaar-fftejvycvpanihalgfoabwgqljvt/Build/Intermediates.noindex/Pods.build/Debug-iphonesimulator/ReactAppDependencyProvider.build/Objects-normal/arm64/RCTAppDependencyProvider.d --serialize-diagnostics /Users/cepl/Library/Developer/Xcode/DerivedData/MahaVistaar-fftejvycvpanihalgfoabwgqljvt/Build/Intermediates.noindex/Pods.build/Debug-iphonesimulator/ReactAppDependencyProvider.build/Objects-normal/arm64/RCTAppDependencyProvider.dia -c /Users/cepl/Documents/GWLProjects/MahaVistaar-app/ios/build/generated/ios/ReactAppDependencyProvider/RCTAppDependencyProvider.mm -o /Users/cepl/Library/Developer/Xcode/DerivedData/MahaVistaar-fftejvycvpanihalgfoabwgqljvt/Build/Intermediates.noindex/Pods.build/Debug-iphonesimulator/ReactAppDependencyProvider.build/Objects-normal/arm64/RCTAppDependencyProvider.o -index-unit-output-path /Pods.build/Debug-iphonesimulator/ReactAppDependencyProvider.build/Objects-normal/arm64/RCTAppDependencyProvider.o
error \=non-modular-include-in-framework-module -Wno-trigraphs -Wno-missing-field-initializers -Wno-missing-prototypes -Werror\=return-type -Wdocumentation -Wunreachable-code -Werror\=deprecated-objc-isa-usage -Werror\=objc-root-class -Wno-non-virtual-dtor -Wno-overloaded-virtual -Wno-exit-time-destructors -Wno-missing-braces -Wparentheses -Wswitch -Wunused-function -Wno-unused-label -Wno-unused-parameter -Wunused-variable -Wunused-value -Wempty-body -Wuninitialized -Wconditional-uninitialized -Wno-unknown-pragmas -Wno-shadow -Wno-four-char-constants -Wno-conversion -Wconstant-conversion -Wint-conversion -Wbool-conversion -Wenum-conversion -Wno-float-conversion -Wnon-literal-null-conversion -Wobjc-literal-conversion -Wshorten-64-to-32 -Wno-newline-eof -Wno-c++11-extensions -Wno-implicit-fallthrough -fstrict-aliasing -Wdeprecated-declarations -Winvalid-offsetof -Wno-sign-conversion -Winfinite-recursion -Wmove -Wcomma -Wblock-capture-autoreleasing -Wstrict-prototypes -Wrange-loop-analysis -Wno-semicolon-before-method-body -Wunguarded-availability -index-store-path /Users/cepl/Library/Developer/Xcode/DerivedData/MahaVistaar-fftejvycvpanihalgfoabwgqljvt/Index.noindex/DataStore -Wno-comma -Wno-shorten-64-to-32 @/Users/cepl/Library/Developer/Xcode/DerivedData/MahaVistaar-fftejvycvpanihalgfoabwgqljvt/Build/Intermediates.noindex/Pods.build/Debug-iphonesimulator/RNReanimated.build/Objects-normal/arm64/82b82416624d2658e5098eb0a28c15c5-common-args.resp -DFOLLY_NO_CONFIG -DFOLLY_MOBILE\=1 -DFOLLY_USE_LIBCPP\=1 -Wno-comma -Wno-shorten-64-to-32 -DREACT_NATIVE_MINOR_VERSION\=83 -Wno-comma -Wno-shorten-64-to-32 -Wno-documentation -DRCT_NEW_ARCH_ENABLED\=1 -include /Users/cepl/Documents/GWLProjects/MahaVistaar-app/ios/Pods/Target\ Support\ Files/RNReanimated/RNReanimated-prefix.pch -MMD -MT dependencies -MF /Users/cepl/Library/Developer/Xcode/DerivedData/MahaVistaar-fftejvycvpanihalgfoabwgqljvt/Build/Intermediates.noindex/Pods.build/Debug-iphonesimulator/RNReanimated.build/Objects-normal/arm64/ReanimatedJSIUtils.d --serialize-diagnostics /Users/cepl/Library/Developer/Xcode/DerivedData/MahaVistaar-fftejvycvpanihalgfoabwgqljvt/Build/Intermediates.noindex/Pods.build/Debug-iphonesimulator/RNReanimated.build/Objects-normal/arm64/ReanimatedJSIUtils.dia -c /Users/cepl/Documents/GWLProjects/MahaVistaar-app/node_modules/react-native-reanimated/Common/cpp/Tools/ReanimatedJSIUtils.cpp -o /Users/cepl/Library/Developer/Xcode/DerivedData/MahaVistaar-fftejvycvpanihalgfoabwgqljvt/Build/Intermediates.noindex/Pods.build/Debug-iphonesimulator/RNReanimated.build/Objects-normal/arm64/ReanimatedJSIUtils.o -index-unit-output-path /Pods.build/Debug-iphonesimulator/RNReanimated.build/Objects-normal/arm64/ReanimatedJSIUtils.o
error \=non-modular-include-in-framework-module -Wno-trigraphs -Wno-missing-field-initializers -Wno-missing-prototypes -Werror\=return-type -Wdocumentation -Wunreachable-code -Werror\=deprecated-objc-isa-usage -Werror\=objc-root-class -Wno-non-virtual-dtor -Wno-overloaded-virtual -Wno-exit-time-destructors -Wno-missing-braces -Wparentheses -Wswitch -Wunused-function -Wno-unused-label -Wno-unused-parameter -Wunused-variable -Wunused-value -Wempty-body -Wuninitialized -Wconditional-uninitialized -Wno-unknown-pragmas -Wno-shadow -Wno-four-char-constants -Wno-conversion -Wconstant-conversion -Wint-conversion -Wbool-conversion -Wenum-conversion -Wno-float-conversion -Wnon-literal-null-conversion -Wobjc-literal-conversion -Wshorten-64-to-32 -Wno-newline-eof -Wno-c++11-extensions -Wno-implicit-fallthrough -fstrict-aliasing -Wdeprecated-declarations -Winvalid-offsetof -Wno-sign-conversion -Winfinite-recursion -Wmove -Wcomma -Wblock-capture-autoreleasing -Wstrict-prototypes -Wrange-loop-analysis -Wno-semicolon-before-method-body -Wunguarded-availability -index-store-path /Users/cepl/Library/Developer/Xcode/DerivedData/MahaVistaar-fftejvycvpanihalgfoabwgqljvt/Index.noindex/DataStore -Wno-comma -Wno-shorten-64-to-32 @/Users/cepl/Library/Developer/Xcode/DerivedData/MahaVistaar-fftejvycvpanihalgfoabwgqljvt/Build/Intermediates.noindex/Pods.build/Debug-iphonesimulator/RNReanimated.build/Objects-normal/arm64/82b82416624d2658e5098eb0a28c15c5-common-args.resp -DFOLLY_NO_CONFIG -DFOLLY_MOBILE\=1 -DFOLLY_USE_LIBCPP\=1 -Wno-comma -Wno-shorten-64-to-32 -DREACT_NATIVE_MINOR_VERSION\=83 -Wno-comma -Wno-shorten-64-to-32 -Wno-documentation -DRCT_NEW_ARCH_ENABLED\=1 -include /Users/cepl/Documents/GWLProjects/MahaVistaar-app/ios/Pods/Target\ Support\ Files/RNReanimated/RNReanimated-prefix.pch -MMD -MT dependencies -MF /Users/cepl/Library/Developer/Xcode/DerivedData/MahaVistaar-fftejvycvpanihalgfoabwgqljvt/Build/Intermediates.noindex/Pods.build/Debug-iphonesimulator/RNReanimated.build/Objects-normal/arm64/ReanimatedVersion.d --serialize-diagnostics /Users/cepl/Library/Developer/Xcode/DerivedData/MahaVistaar-fftejvycvpanihalgfoabwgqljvt/Build/Intermediates.noindex/Pods.build/Debug-iphonesimulator/RNReanimated.build/Objects-normal/arm64/ReanimatedVersion.dia -c /Users/cepl/Documents/GWLProjects/MahaVistaar-app/node_modules/react-native-reanimated/Common/cpp/Tools/ReanimatedVersion.cpp -o /Users/cepl/Library/Developer/Xcode/DerivedData/MahaVistaar-fftejvycvpanihalgfoabwgqljvt/Build/Intermediates.noindex/Pods.build/Debug-iphonesimulator/RNReanimated.build/Objects-normal/arm64/ReanimatedVersion.o -index-unit-output-path /Pods.build/Debug-iphonesimulator/RNReanimated.build/Objects-normal/arm64/ReanimatedVersion.o
error \=non-modular-include-in-framework-module -Wno-trigraphs -Wno-missing-field-initializers -Wno-missing-prototypes -Werror\=return-type -Wdocumentation -Wunreachable-code -Wno-implicit-atomic-properties -Werror\=deprecated-objc-isa-usage -Wno-objc-interface-ivars -Werror\=objc-root-class -Wno-arc-repeated-use-of-weak -Wimplicit-retain-self -Wno-non-virtual-dtor -Wno-overloaded-virtual -Wno-exit-time-destructors -Wduplicate-method-match -Wno-missing-braces -Wparentheses -Wswitch -Wunused-function -Wno-unused-label -Wno-unused-parameter -Wunused-variable -Wunused-value -Wempty-body -Wuninitialized -Wconditional-uninitialized -Wno-unknown-pragmas -Wno-shadow -Wno-four-char-constants -Wno-conversion -Wconstant-conversion -Wint-conversion -Wbool-conversion -Wenum-conversion -Wno-float-conversion -Wnon-literal-null-conversion -Wobjc-literal-conversion -Wshorten-64-to-32 -Wno-newline-eof -Wno-selector -Wno-strict-selector-match -Wundeclared-selector -Wdeprecated-implementations -Wno-c++11-extensions -Wno-implicit-fallthrough -fstrict-aliasing -Wprotocol -Wdeprecated-declarations -Winvalid-offsetof -Wno-sign-conversion -Winfinite-recursion -Wmove -Wcomma -Wblock-capture-autoreleasing -Wstrict-prototypes -Wrange-loop-analysis -Wno-semicolon-before-method-body -Wunguarded-availability -index-store-path /Users/cepl/Library/Developer/Xcode/DerivedData/MahaVistaar-fftejvycvpanihalgfoabwgqljvt/Index.noindex/DataStore -Wno-comma -Wno-shorten-64-to-32 -Wno-documentation @/Users/cepl/Library/Developer/Xcode/DerivedData/MahaVistaar-fftejvycvpanihalgfoabwgqljvt/Build/Intermediates.noindex/Pods.build/Debug-iphonesimulator/ReactCodegen.build/Objects-normal/arm64/af3fcb34312c57c0f52879cdce924b91-common-args.resp -DFOLLY_MOBILE\=1 -DFOLLY_USE_LIBCPP\=1 -DFOLLY_CFG_NO_COROUTINES\=1 -DFOLLY_HAVE_CLOCK_GETTIME\=1 -Wno-comma -Wno-shorten-64-to-32 -Wno-documentation -Wno-nullability-completeness -std\=c++20 -include /Users/cepl/Documents/GWLProjects/MahaVistaar-app/ios/Pods/Target\ Support\ Files/ReactCodegen/ReactCodegen-prefix.pch -MMD -MT dependencies -MF /Users/cepl/Library/Developer/Xcode/DerivedData/MahaVistaar-fftejvycvpanihalgfoabwgqljvt/Build/Intermediates.noindex/Pods.build/Debug-iphonesimulator/ReactCodegen.build/Objects-normal/arm64/safeareacontext-generated.d --serialize-diagnostics /Users/cepl/Library/Developer/Xcode/DerivedData/MahaVistaar-fftejvycvpanihalgfoabwgqljvt/Build/Intermediates.noindex/Pods.build/Debug-iphonesimulator/ReactCodegen.build/Objects-normal/arm64/safeareacontext-generated.dia -c /Users/cepl/Documents/GWLProjects/MahaVistaar-app/ios/build/generated/ios/ReactCodegen/safeareacontext/safeareacontext-generated.mm -o /Users/cepl/Library/Developer/Xcode/DerivedData/MahaVistaar-fftejvycvpanihalgfoabwgqljvt/Build/Intermediates.noindex/Pods.build/Debug-iphonesimulator/ReactCodegen.build/Objects-normal/arm64/safeareacontext-generated.o -index-unit-output-path /Pods.build/Debug-iphonesimulator/ReactCodegen.build/Objects-normal/arm64/safeareacontext-generated.o
error \=non-modular-include-in-framework-module -Wno-trigraphs -Wno-missing-field-initializers -Wno-missing-prototypes -Werror\=return-type -Wdocumentation -Wunreachable-code -Werror\=deprecated-objc-isa-usage -Werror\=objc-root-class -Wno-non-virtual-dtor -Wno-overloaded-virtual -Wno-exit-time-destructors -Wno-missing-braces -Wparentheses -Wswitch -Wunused-function -Wno-unused-label -Wno-unused-parameter -Wunused-variable -Wunused-value -Wempty-body -Wuninitialized -Wconditional-uninitialized -Wno-unknown-pragmas -Wno-shadow -Wno-four-char-constants -Wno-conversion -Wconstant-conversion -Wint-conversion -Wbool-conversion -Wenum-conversion -Wno-float-conversion -Wnon-literal-null-conversion -Wobjc-literal-conversion -Wshorten-64-to-32 -Wno-newline-eof -Wno-c++11-extensions -Wno-implicit-fallthrough -fstrict-aliasing -Wdeprecated-declarations -Winvalid-offsetof -Wno-sign-conversion -Winfinite-recursion -Wmove -Wcomma -Wblock-capture-autoreleasing -Wstrict-prototypes -Wrange-loop-analysis -Wno-semicolon-before-method-body -Wunguarded-availability -index-store-path /Users/cepl/Library/Developer/Xcode/DerivedData/MahaVistaar-fftejvycvpanihalgfoabwgqljvt/Index.noindex/DataStore -Wno-comma -Wno-shorten-64-to-32 -Wno-documentation @/Users/cepl/Library/Developer/Xcode/DerivedData/MahaVistaar-fftejvycvpanihalgfoabwgqljvt/Build/Intermediates.noindex/Pods.build/Debug-iphonesimulator/ReactCodegen.build/Objects-normal/arm64/82b82416624d2658e5098eb0a28c15c5-common-args.resp -DFOLLY_MOBILE\=1 -DFOLLY_USE_LIBCPP\=1 -DFOLLY_CFG_NO_COROUTINES\=1 -DFOLLY_HAVE_CLOCK_GETTIME\=1 -Wno-comma -Wno-shorten-64-to-32 -Wno-documentation -Wno-nullability-completeness -std\=c++20 -include /Users/cepl/Documents/GWLProjects/MahaVistaar-app/ios/Pods/Target\ Support\ Files/ReactCodegen/ReactCodegen-prefix.pch -MMD -MT dependencies -MF /Users/cepl/Library/Developer/Xcode/DerivedData/MahaVistaar-fftejvycvpanihalgfoabwgqljvt/Build/Intermediates.noindex/Pods.build/Debug-iphonesimulator/ReactCodegen.build/Objects-normal/arm64/States-72a2eecb64076425930545cf2f6e41b8.d --serialize-diagnostics /Users/cepl/Library/Developer/Xcode/DerivedData/MahaVistaar-fftejvycvpanihalgfoabwgqljvt/Build/Intermediates.noindex/Pods.build/Debug-iphonesimulator/ReactCodegen.build/Objects-normal/arm64/States-72a2eecb64076425930545cf2f6e41b8.dia -c /Users/cepl/Documents/GWLProjects/MahaVistaar-app/ios/build/generated/ios/ReactCodegen/react/renderer/components/safeareacontext/States.cpp -o /Users/cepl/Library/Developer/Xcode/DerivedData/MahaVistaar-fftejvycvpanihalgfoabwgqljvt/Build/Intermediates.noindex/Pods.build/Debug-iphonesimulator/ReactCodegen.build/Objects-normal/arm64/States-72a2eecb64076425930545cf2f6e41b8.o -index-unit-output-path /Pods.build/Debug-iphonesimulator/ReactCodegen.build/Objects-normal/arm64/States-72a2eecb64076425930545cf2f6e41b8.o
error \=non-modular-include-in-framework-module -Wno-trigraphs -Wno-missing-field-initializers -Wno-missing-prototypes -Werror\=return-type -Wdocumentation -Wunreachable-code -Werror\=deprecated-objc-isa-usage -Werror\=objc-root-class -Wno-non-virtual-dtor -Wno-overloaded-virtual -Wno-exit-time-destructors -Wno-missing-braces -Wparentheses -Wswitch -Wunused-function -Wno-unused-label -Wno-unused-parameter -Wunused-variable -Wunused-value -Wempty-body -Wuninitialized -Wconditional-uninitialized -Wno-unknown-pragmas -Wno-shadow -Wno-four-char-constants -Wno-conversion -Wconstant-conversion -Wint-conversion -Wbool-conversion -Wenum-conversion -Wno-float-conversion -Wnon-literal-null-conversion -Wobjc-literal-conversion -Wshorten-64-to-32 -Wno-newline-eof -Wno-c++11-extensions -Wno-implicit-fallthrough -fstrict-aliasing -Wdeprecated-declarations -Winvalid-offsetof -Wno-sign-conversion -Winfinite-recursion -Wmove -Wcomma -Wblock-capture-autoreleasing -Wstrict-prototypes -Wrange-loop-analysis -Wno-semicolon-before-method-body -Wunguarded-availability -index-store-path /Users/cepl/Library/Developer/Xcode/DerivedData/MahaVistaar-fftejvycvpanihalgfoabwgqljvt/Index.noindex/DataStore -Wno-comma -Wno-shorten-64-to-32 @/Users/cepl/Library/Developer/Xcode/DerivedData/MahaVistaar-fftejvycvpanihalgfoabwgqljvt/Build/Intermediates.noindex/Pods.build/Debug-iphonesimulator/RNReanimated.build/Objects-normal/arm64/82b82416624d2658e5098eb0a28c15c5-common-args.resp -DFOLLY_NO_CONFIG -DFOLLY_MOBILE\=1 -DFOLLY_USE_LIBCPP\=1 -Wno-comma -Wno-shorten-64-to-32 -DREACT_NATIVE_MINOR_VERSION\=83 -Wno-comma -Wno-shorten-64-to-32 -Wno-documentation -DRCT_NEW_ARCH_ENABLED\=1 -include /Users/cepl/Documents/GWLProjects/MahaVistaar-app/ios/Pods/Target\ Support\ Files/RNReanimated/RNReanimated-prefix.pch -MMD -MT dependencies -MF /Users/cepl/Library/Developer/Xcode/DerivedData/MahaVistaar-fftejvycvpanihalgfoabwgqljvt/Build/Intermediates.noindex/Pods.build/Debug-iphonesimulator/RNReanimated.build/Objects-normal/arm64/ReanimatedCommitMarker.d --serialize-diagnostics /Users/cepl/Library/Developer/Xcode/DerivedData/MahaVistaar-fftejvycvpanihalgfoabwgqljvt/Build/Intermediates.noindex/Pods.build/Debug-iphonesimulator/RNReanimated.build/Objects-normal/arm64/ReanimatedCommitMarker.dia -c /Users/cepl/Documents/GWLProjects/MahaVistaar-app/node_modules/react-native-reanimated/Common/cpp/Fabric/ReanimatedCommitMarker.cpp -o /Users/cepl/Library/Developer/Xcode/DerivedData/MahaVistaar-fftejvycvpanihalgfoabwgqljvt/Build/Intermediates.noindex/Pods.build/Debug-iphonesimulator/RNReanimated.build/Objects-normal/arm64/ReanimatedCommitMarker.o -index-unit-output-path /Pods.build/Debug-iphonesimulator/RNReanimated.build/Objects-normal/arm64/ReanimatedCommitMarker.o
error \=non-modular-include-in-framework-module -Wno-trigraphs -Wno-missing-field-initializers -Wno-missing-prototypes -Werror\=return-type -Wdocumentation -Wunreachable-code -Wno-implicit-atomic-properties -Werror\=deprecated-objc-isa-usage -Wno-objc-interface-ivars -Werror\=objc-root-class -Wno-arc-repeated-use-of-weak -Wimplicit-retain-self -Wno-non-virtual-dtor -Wno-overloaded-virtual -Wno-exit-time-destructors -Wduplicate-method-match -Wno-missing-braces -Wparentheses -Wswitch -Wunused-function -Wno-unused-label -Wno-unused-parameter -Wunused-variable -Wunused-value -Wempty-body -Wuninitialized -Wconditional-uninitialized -Wno-unknown-pragmas -Wno-shadow -Wno-four-char-constants -Wno-conversion -Wconstant-conversion -Wint-conversion -Wbool-conversion -Wenum-conversion -Wno-float-conversion -Wnon-literal-null-conversion -Wobjc-literal-conversion -Wshorten-64-to-32 -Wno-newline-eof -Wno-selector -Wno-strict-selector-match -Wundeclared-selector -Wdeprecated-implementations -Wno-c++11-extensions -Wno-implicit-fallthrough -fstrict-aliasing -Wprotocol -Wdeprecated-declarations -Winvalid-offsetof -Wno-sign-conversion -Winfinite-recursion -Wmove -Wcomma -Wblock-capture-autoreleasing -Wstrict-prototypes -Wrange-loop-analysis -Wno-semicolon-before-method-body -Wunguarded-availability -index-store-path /Users/cepl/Library/Developer/Xcode/DerivedData/MahaVistaar-fftejvycvpanihalgfoabwgqljvt/Index.noindex/DataStore -Wno-comma -Wno-shorten-64-to-32 -Wno-documentation @/Users/cepl/Library/Developer/Xcode/DerivedData/MahaVistaar-fftejvycvpanihalgfoabwgqljvt/Build/Intermediates.noindex/Pods.build/Debug-iphonesimulator/ReactCodegen.build/Objects-normal/arm64/af3fcb34312c57c0f52879cdce924b91-common-args.resp -DFOLLY_MOBILE\=1 -DFOLLY_USE_LIBCPP\=1 -DFOLLY_CFG_NO_COROUTINES\=1 -DFOLLY_HAVE_CLOCK_GETTIME\=1 -Wno-comma -Wno-shorten-64-to-32 -Wno-documentation -Wno-nullability-completeness -std\=c++20 -include /Users/cepl/Documents/GWLProjects/MahaVistaar-app/ios/Pods/Target\ Support\ Files/ReactCodegen/ReactCodegen-prefix.pch -MMD -MT dependencies -MF /Users/cepl/Library/Developer/Xcode/DerivedData/MahaVistaar-fftejvycvpanihalgfoabwgqljvt/Build/Intermediates.noindex/Pods.build/Debug-iphonesimulator/ReactCodegen.build/Objects-normal/arm64/rnsvg-generated.d --serialize-diagnostics /Users/cepl/Library/Developer/Xcode/DerivedData/MahaVistaar-fftejvycvpanihalgfoabwgqljvt/Build/Intermediates.noindex/Pods.build/Debug-iphonesimulator/ReactCodegen.build/Objects-normal/arm64/rnsvg-generated.dia -c /Users/cepl/Documents/GWLProjects/MahaVistaar-app/ios/build/generated/ios/ReactCodegen/rnsvg/rnsvg-generated.mm -o /Users/cepl/Library/Developer/Xcode/DerivedData/MahaVistaar-fftejvycvpanihalgfoabwgqljvt/Build/Intermediates.noindex/Pods.build/Debug-iphonesimulator/ReactCodegen.build/Objects-normal/arm64/rnsvg-generated.o -index-unit-output-path /Pods.build/Debug-iphonesimulator/ReactCodegen.build/Objects-normal/arm64/rnsvg-generated.o
error \=non-modular-include-in-framework-module -Wno-trigraphs -Wno-missing-field-initializers -Wno-missing-prototypes -Werror\=return-type -Wdocumentation -Wunreachable-code -Werror\=deprecated-objc-isa-usage -Werror\=objc-root-class -Wno-non-virtual-dtor -Wno-overloaded-virtual -Wno-exit-time-destructors -Wno-missing-braces -Wparentheses -Wswitch -Wunused-function -Wno-unused-label -Wno-unused-parameter -Wunused-variable -Wunused-value -Wempty-body -Wuninitialized -Wconditional-uninitialized -Wno-unknown-pragmas -Wno-shadow -Wno-four-char-constants -Wno-conversion -Wconstant-conversion -Wint-conversion -Wbool-conversion -Wenum-conversion -Wno-float-conversion -Wnon-literal-null-conversion -Wobjc-literal-conversion -Wshorten-64-to-32 -Wno-newline-eof -Wno-c++11-extensions -Wno-implicit-fallthrough -fstrict-aliasing -Wdeprecated-declarations -Winvalid-offsetof -Wno-sign-conversion -Winfinite-recursion -Wmove -Wcomma -Wblock-capture-autoreleasing -Wstrict-prototypes -Wrange-loop-analysis -Wno-semicolon-before-method-body -Wunguarded-availability -index-store-path /Users/cepl/Library/Developer/Xcode/DerivedData/MahaVistaar-fftejvycvpanihalgfoabwgqljvt/Index.noindex/DataStore -Wno-comma -Wno-shorten-64-to-32 -Wno-documentation @/Users/cepl/Library/Developer/Xcode/DerivedData/MahaVistaar-fftejvycvpanihalgfoabwgqljvt/Build/Intermediates.noindex/Pods.build/Debug-iphonesimulator/ReactCodegen.build/Objects-normal/arm64/82b82416624d2658e5098eb0a28c15c5-common-args.resp -DFOLLY_MOBILE\=1 -DFOLLY_USE_LIBCPP\=1 -DFOLLY_CFG_NO_COROUTINES\=1 -DFOLLY_HAVE_CLOCK_GETTIME\=1 -Wno-comma -Wno-shorten-64-to-32 -Wno-documentation -Wno-nullability-completeness -std\=c++20 -include /Users/cepl/Documents/GWLProjects/MahaVistaar-app/ios/Pods/Target\ Support\ Files/ReactCodegen/ReactCodegen-prefix.pch -MMD -MT dependencies -MF /Users/cepl/Library/Developer/Xcode/DerivedData/MahaVistaar-fftejvycvpanihalgfoabwgqljvt/Build/Intermediates.noindex/Pods.build/Debug-iphonesimulator/ReactCodegen.build/Objects-normal/arm64/States-7bd87e469c2f2286ec02586e1a074fd6.d --serialize-diagnostics /Users/cepl/Library/Developer/Xcode/DerivedData/MahaVistaar-fftejvycvpanihalgfoabwgqljvt/Build/Intermediates.noindex/Pods.build/Debug-iphonesimulator/ReactCodegen.build/Objects-normal/arm64/States-7bd87e469c2f2286ec02586e1a074fd6.dia -c /Users/cepl/Documents/GWLProjects/MahaVistaar-app/ios/build/generated/ios/ReactCodegen/react/renderer/components/rnsvg/States.cpp -o /Users/cepl/Library/Developer/Xcode/DerivedData/MahaVistaar-fftejvycvpanihalgfoabwgqljvt/Build/Intermediates.noindex/Pods.build/Debug-iphonesimulator/ReactCodegen.build/Objects-normal/arm64/States-7bd87e469c2f2286ec02586e1a074fd6.o -index-unit-output-path /Pods.build/Debug-iphonesimulator/ReactCodegen.build/Objects-normal/arm64/States-7bd87e469c2f2286ec02586e1a074fd6.o
error \=non-modular-include-in-framework-module -Wno-trigraphs -Wno-missing-field-initializers -Wno-missing-prototypes -Werror\=return-type -Wdocumentation -Wunreachable-code -Werror\=deprecated-objc-isa-usage -Werror\=objc-root-class -Wno-non-virtual-dtor -Wno-overloaded-virtual -Wno-exit-time-destructors -Wno-missing-braces -Wparentheses -Wswitch -Wunused-function -Wno-unused-label -Wno-unused-parameter -Wunused-variable -Wunused-value -Wempty-body -Wuninitialized -Wconditional-uninitialized -Wno-unknown-pragmas -Wno-shadow -Wno-four-char-constants -Wno-conversion -Wconstant-conversion -Wint-conversion -Wbool-conversion -Wenum-conversion -Wno-float-conversion -Wnon-literal-null-conversion -Wobjc-literal-conversion -Wshorten-64-to-32 -Wno-newline-eof -Wno-c++11-extensions -Wno-implicit-fallthrough -fstrict-aliasing -Wdeprecated-declarations -Winvalid-offsetof -Wno-sign-conversion -Winfinite-recursion -Wmove -Wcomma -Wblock-capture-autoreleasing -Wstrict-prototypes -Wrange-loop-analysis -Wno-semicolon-before-method-body -Wunguarded-availability -index-store-path /Users/cepl/Library/Developer/Xcode/DerivedData/MahaVistaar-fftejvycvpanihalgfoabwgqljvt/Index.noindex/DataStore -Wno-comma -Wno-shorten-64-to-32 -Wno-documentation @/Users/cepl/Library/Developer/Xcode/DerivedData/MahaVistaar-fftejvycvpanihalgfoabwgqljvt/Build/Intermediates.noindex/Pods.build/Debug-iphonesimulator/ReactCodegen.build/Objects-normal/arm64/82b82416624d2658e5098eb0a28c15c5-common-args.resp -DFOLLY_MOBILE\=1 -DFOLLY_USE_LIBCPP\=1 -DFOLLY_CFG_NO_COROUTINES\=1 -DFOLLY_HAVE_CLOCK_GETTIME\=1 -Wno-comma -Wno-shorten-64-to-32 -Wno-documentation -Wno-nullability-completeness -std\=c++20 -include /Users/cepl/Documents/GWLProjects/MahaVistaar-app/ios/Pods/Target\ Support\ Files/ReactCodegen/ReactCodegen-prefix.pch -MMD -MT dependencies -MF /Users/cepl/Library/Developer/Xcode/DerivedData/MahaVistaar-fftejvycvpanihalgfoabwgqljvt/Build/Intermediates.noindex/Pods.build/Debug-iphonesimulator/ReactCodegen.build/Objects-normal/arm64/ShadowNodes-aadd5998b12d28bc2b43cf6812b85678.d --serialize-diagnostics /Users/cepl/Library/Developer/Xcode/DerivedData/MahaVistaar-fftejvycvpanihalgfoabwgqljvt/Build/Intermediates.noindex/Pods.build/Debug-iphonesimulator/ReactCodegen.build/Objects-normal/arm64/ShadowNodes-aadd5998b12d28bc2b43cf6812b85678.dia -c /Users/cepl/Documents/GWLProjects/MahaVistaar-app/ios/build/generated/ios/ReactCodegen/react/renderer/components/safeareacontext/ShadowNodes.cpp -o /Users/cepl/Library/Developer/Xcode/DerivedData/MahaVistaar-fftejvycvpanihalgfoabwgqljvt/Build/Intermediates.noindex/Pods.build/Debug-iphonesimulator/ReactCodegen.build/Objects-normal/arm64/ShadowNodes-aadd5998b12d28bc2b43cf6812b85678.o -index-unit-output-path /Pods.build/Debug-iphonesimulator/ReactCodegen.build/Objects-normal/arm64/ShadowNodes-aadd5998b12d28bc2b43cf6812b85678.o
error \=non-modular-include-in-framework-module -Wno-trigraphs -Wno-missing-field-initializers -Wno-missing-prototypes -Werror\=return-type -Wdocumentation -Wunreachable-code -Werror\=deprecated-objc-isa-usage -Werror\=objc-root-class -Wno-non-virtual-dtor -Wno-overloaded-virtual -Wno-exit-time-destructors -Wno-missing-braces -Wparentheses -Wswitch -Wunused-function -Wno-unused-label -Wno-unused-parameter -Wunused-variable -Wunused-value -Wempty-body -Wuninitialized -Wconditional-uninitialized -Wno-unknown-pragmas -Wno-shadow -Wno-four-char-constants -Wno-conversion -Wconstant-conversion -Wint-conversion -Wbool-conversion -Wenum-conversion -Wno-float-conversion -Wnon-literal-null-conversion -Wobjc-literal-conversion -Wshorten-64-to-32 -Wno-newline-eof -Wno-c++11-extensions -Wno-implicit-fallthrough -fstrict-aliasing -Wdeprecated-declarations -Winvalid-offsetof -Wno-sign-conversion -Winfinite-recursion -Wmove -Wcomma -Wblock-capture-autoreleasing -Wstrict-prototypes -Wrange-loop-analysis -Wno-semicolon-before-method-body -Wunguarded-availability -index-store-path /Users/cepl/Library/Developer/Xcode/DerivedData/MahaVistaar-fftejvycvpanihalgfoabwgqljvt/Index.noindex/DataStore @/Users/cepl/Library/Developer/Xcode/DerivedData/MahaVistaar-fftejvycvpanihalgfoabwgqljvt/Build/Intermediates.noindex/Pods.build/Debug-iphonesimulator/react-native-safe-area-context.build/Objects-normal/arm64/82b82416624d2658e5098eb0a28c15c5-common-args.resp -DRCT_NEW_ARCH_ENABLED\=1 -include /Users/cepl/Documents/GWLProjects/MahaVistaar-app/ios/Pods/Target\ Support\ Files/react-native-safe-area-context/react-native-safe-area-context-prefix.pch -MMD -MT dependencies -MF /Users/cepl/Library/Developer/Xcode/DerivedData/MahaVistaar-fftejvycvpanihalgfoabwgqljvt/Build/Intermediates.noindex/Pods.build/Debug-iphonesimulator/react-native-safe-area-context.build/Objects-normal/arm64/RNCSafeAreaViewState.d --serialize-diagnostics /Users/cepl/Library/Developer/Xcode/DerivedData/MahaVistaar-fftejvycvpanihalgfoabwgqljvt/Build/Intermediates.noindex/Pods.build/Debug-iphonesimulator/react-native-safe-area-context.build/Objects-normal/arm64/RNCSafeAreaViewState.dia -c /Users/cepl/Documents/GWLProjects/MahaVistaar-app/node_modules/react-native-safe-area-context/common/cpp/react/renderer/components/safeareacontext/RNCSafeAreaViewState.cpp -o /Users/cepl/Library/Developer/Xcode/DerivedData/MahaVistaar-fftejvycvpanihalgfoabwgqljvt/Build/Intermediates.noindex/Pods.build/Debug-iphonesimulator/react-native-safe-area-context.build/Objects-normal/arm64/RNCSafeAreaViewState.o -index-unit-output-path /Pods.build/Debug-iphonesimulator/react-native-safe-area-context.build/Objects-normal/arm64/RNCSafeAreaViewState.o
error \=non-modular-include-in-framework-module -Wno-trigraphs -Wno-missing-field-initializers -Wno-missing-prototypes -Werror\=return-type -Wdocumentation -Wunreachable-code -Werror\=deprecated-objc-isa-usage -Werror\=objc-root-class -Wno-non-virtual-dtor -Wno-overloaded-virtual -Wno-exit-time-destructors -Wno-missing-braces -Wparentheses -Wswitch -Wunused-function -Wno-unused-label -Wno-unused-parameter -Wunused-variable -Wunused-value -Wempty-body -Wuninitialized -Wconditional-uninitialized -Wno-unknown-pragmas -Wno-shadow -Wno-four-char-constants -Wno-conversion -Wconstant-conversion -Wint-conversion -Wbool-conversion -Wenum-conversion -Wno-float-conversion -Wnon-literal-null-conversion -Wobjc-literal-conversion -Wshorten-64-to-32 -Wno-newline-eof -Wno-c++11-extensions -Wno-implicit-fallthrough -fstrict-aliasing -Wdeprecated-declarations -Winvalid-offsetof -Wno-sign-conversion -Winfinite-recursion -Wmove -Wcomma -Wblock-capture-autoreleasing -Wstrict-prototypes -Wrange-loop-analysis -Wno-semicolon-before-method-body -Wunguarded-availability -index-store-path /Users/cepl/Library/Developer/Xcode/DerivedData/MahaVistaar-fftejvycvpanihalgfoabwgqljvt/Index.noindex/DataStore @/Users/cepl/Library/Developer/Xcode/DerivedData/MahaVistaar-fftejvycvpanihalgfoabwgqljvt/Build/Intermediates.noindex/Pods.build/Debug-iphonesimulator/react-native-safe-area-context.build/Objects-normal/arm64/82b82416624d2658e5098eb0a28c15c5-common-args.resp -DRCT_NEW_ARCH_ENABLED\=1 -include /Users/cepl/Documents/GWLProjects/MahaVistaar-app/ios/Pods/Target\ Support\ Files/react-native-safe-area-context/react-native-safe-area-context-prefix.pch -MMD -MT dependencies -MF /Users/cepl/Library/Developer/Xcode/DerivedData/MahaVistaar-fftejvycvpanihalgfoabwgqljvt/Build/Intermediates.noindex/Pods.build/Debug-iphonesimulator/react-native-safe-area-context.build/Objects-normal/arm64/RNCSafeAreaViewShadowNode.d --serialize-diagnostics /Users/cepl/Library/Developer/Xcode/DerivedData/MahaVistaar-fftejvycvpanihalgfoabwgqljvt/Build/Intermediates.noindex/Pods.build/Debug-iphonesimulator/react-native-safe-area-context.build/Objects-normal/arm64/RNCSafeAreaViewShadowNode.dia -c /Users/cepl/Documents/GWLProjects/MahaVistaar-app/node_modules/react-native-safe-area-context/common/cpp/react/renderer/components/safeareacontext/RNCSafeAreaViewShadowNode.cpp -o /Users/cepl/Library/Developer/Xcode/DerivedData/MahaVistaar-fftejvycvpanihalgfoabwgqljvt/Build/Intermediates.noindex/Pods.build/Debug-iphonesimulator/react-native-safe-area-context.build/Objects-normal/arm64/RNCSafeAreaViewShadowNode.o -index-unit-output-path /Pods.build/Debug-iphonesimulator/react-native-safe-area-context.build/Objects-normal/arm64/RNCSafeAreaViewShadowNode.o
error \=non-modular-include-in-framework-module -Wno-trigraphs -Wno-missing-field-initializers -Wno-missing-prototypes -Werror\=return-type -Wdocumentation -Wunreachable-code -Wno-implicit-atomic-properties -Werror\=deprecated-objc-isa-usage -Wno-objc-interface-ivars -Werror\=objc-root-class -Wno-arc-repeated-use-of-weak -Wimplicit-retain-self -Wno-non-virtual-dtor -Wno-overloaded-virtual -Wno-exit-time-destructors -Wduplicate-method-match -Wno-missing-braces -Wparentheses -Wswitch -Wunused-function -Wno-unused-label -Wno-unused-parameter -Wunused-variable -Wunused-value -Wempty-body -Wuninitialized -Wconditional-uninitialized -Wno-unknown-pragmas -Wno-shadow -Wno-four-char-constants -Wno-conversion -Wconstant-conversion -Wint-conversion -Wbool-conversion -Wenum-conversion -Wno-float-conversion -Wnon-literal-null-conversion -Wobjc-literal-conversion -Wshorten-64-to-32 -Wno-newline-eof -Wno-selector -Wno-strict-selector-match -Wundeclared-selector -Wdeprecated-implementations -Wno-c++11-extensions -Wno-implicit-fallthrough -fstrict-aliasing -Wprotocol -Wdeprecated-declarations -Winvalid-offsetof -Wno-sign-conversion -Winfinite-recursion -Wmove -Wcomma -Wblock-capture-autoreleasing -Wstrict-prototypes -Wrange-loop-analysis -Wno-semicolon-before-method-body -Wunguarded-availability -index-store-path /Users/cepl/Library/Developer/Xcode/DerivedData/MahaVistaar-fftejvycvpanihalgfoabwgqljvt/Index.noindex/DataStore @/Users/cepl/Library/Developer/Xcode/DerivedData/MahaVistaar-fftejvycvpanihalgfoabwgqljvt/Build/Intermediates.noindex/Pods.build/Debug-iphonesimulator/react-native-safe-area-context.build/Objects-normal/arm64/af3fcb34312c57c0f52879cdce924b91-common-args.resp -DRCT_NEW_ARCH_ENABLED\=1 -include /Users/cepl/Documents/GWLProjects/MahaVistaar-app/ios/Pods/Target\ Support\ Files/react-native-safe-area-context/react-native-safe-area-context-prefix.pch -MMD -MT dependencies -MF /Users/cepl/Library/Developer/Xcode/DerivedData/MahaVistaar-fftejvycvpanihalgfoabwgqljvt/Build/Intermediates.noindex/Pods.build/Debug-iphonesimulator/react-native-safe-area-context.build/Objects-normal/arm64/RNCSafeAreaViewComponentView.d --serialize-diagnostics /Users/cepl/Library/Developer/Xcode/DerivedData/MahaVistaar-fftejvycvpanihalgfoabwgqljvt/Build/Intermediates.noindex/Pods.build/Debug-iphonesimulator/react-native-safe-area-context.build/Objects-normal/arm64/RNCSafeAreaViewComponentView.dia -c /Users/cepl/Documents/GWLProjects/MahaVistaar-app/node_modules/react-native-safe-area-context/ios/Fabric/RNCSafeAreaViewComponentView.mm -o /Users/cepl/Library/Developer/Xcode/DerivedData/MahaVistaar-fftejvycvpanihalgfoabwgqljvt/Build/Intermediates.noindex/Pods.build/Debug-iphonesimulator/react-native-safe-area-context.build/Objects-normal/arm64/RNCSafeAreaViewComponentView.o -index-unit-output-path /Pods.build/Debug-iphonesimulator/react-native-safe-area-context.build/Objects-normal/arm64/RNCSafeAreaViewComponentView.o
error \=non-modular-include-in-framework-module -Wno-trigraphs -Wno-missing-field-initializers -Wno-missing-prototypes -Werror\=return-type -Wdocumentation -Wunreachable-code -Wno-implicit-atomic-properties -Werror\=deprecated-objc-isa-usage -Wno-objc-interface-ivars -Werror\=objc-root-class -Wno-arc-repeated-use-of-weak -Wimplicit-retain-self -Wno-non-virtual-dtor -Wno-overloaded-virtual -Wno-exit-time-destructors -Wduplicate-method-match -Wno-missing-braces -Wparentheses -Wswitch -Wunused-function -Wno-unused-label -Wno-unused-parameter -Wunused-variable -Wunused-value -Wempty-body -Wuninitialized -Wconditional-uninitialized -Wno-unknown-pragmas -Wno-shadow -Wno-four-char-constants -Wno-conversion -Wconstant-conversion -Wint-conversion -Wbool-conversion -Wenum-conversion -Wno-float-conversion -Wnon-literal-null-conversion -Wobjc-literal-conversion -Wshorten-64-to-32 -Wno-newline-eof -Wno-selector -Wno-strict-selector-match -Wundeclared-selector -Wdeprecated-implementations -Wno-c++11-extensions -Wno-implicit-fallthrough -fstrict-aliasing -Wprotocol -Wdeprecated-declarations -Winvalid-offsetof -Wno-sign-conversion -Winfinite-recursion -Wmove -Wcomma -Wblock-capture-autoreleasing -Wstrict-prototypes -Wrange-loop-analysis -Wno-semicolon-before-method-body -Wunguarded-availability -index-store-path /Users/cepl/Library/Developer/Xcode/DerivedData/MahaVistaar-fftejvycvpanihalgfoabwgqljvt/Index.noindex/DataStore @/Users/cepl/Library/Developer/Xcode/DerivedData/MahaVistaar-fftejvycvpanihalgfoabwgqljvt/Build/Intermediates.noindex/Pods.build/Debug-iphonesimulator/react-native-safe-area-context.build/Objects-normal/arm64/af3fcb34312c57c0f52879cdce924b91-common-args.resp -DRCT_NEW_ARCH_ENABLED\=1 -include /Users/cepl/Documents/GWLProjects/MahaVistaar-app/ios/Pods/Target\ Support\ Files/react-native-safe-area-context/react-native-safe-area-context-prefix.pch -MMD -MT dependencies -MF /Users/cepl/Library/Developer/Xcode/DerivedData/MahaVistaar-fftejvycvpanihalgfoabwgqljvt/Build/Intermediates.noindex/Pods.build/Debug-iphonesimulator/react-native-safe-area-context.build/Objects-normal/arm64/RNCSafeAreaProviderComponentView.d --serialize-diagnostics /Users/cepl/Library/Developer/Xcode/DerivedData/MahaVistaar-fftejvycvpanihalgfoabwgqljvt/Build/Intermediates.noindex/Pods.build/Debug-iphonesimulator/react-native-safe-area-context.build/Objects-normal/arm64/RNCSafeAreaProviderComponentView.dia -c /Users/cepl/Documents/GWLProjects/MahaVistaar-app/node_modules/react-native-safe-area-context/ios/Fabric/RNCSafeAreaProviderComponentView.mm -o /Users/cepl/Library/Developer/Xcode/DerivedData/MahaVistaar-fftejvycvpanihalgfoabwgqljvt/Build/Intermediates.noindex/Pods.build/Debug-iphonesimulator/react-native-safe-area-context.build/Objects-normal/arm64/RNCSafeAreaProviderComponentView.o -index-unit-output-path /Pods.build/Debug-iphonesimulator/react-native-safe-area-context.build/Objects-normal/arm64/RNCSafeAreaProviderComponentView.o
error \=non-modular-include-in-framework-module -Wno-trigraphs -Wno-missing-field-initializers -Wno-missing-prototypes -Werror\=return-type -Wdocumentation -Wunreachable-code -Wno-implicit-atomic-properties -Werror\=deprecated-objc-isa-usage -Wno-objc-interface-ivars -Werror\=objc-root-class -Wno-arc-repeated-use-of-weak -Wimplicit-retain-self -Wno-non-virtual-dtor -Wno-overloaded-virtual -Wno-exit-time-destructors -Wduplicate-method-match -Wno-missing-braces -Wparentheses -Wswitch -Wunused-function -Wno-unused-label -Wno-unused-parameter -Wunused-variable -Wunused-value -Wempty-body -Wuninitialized -Wconditional-uninitialized -Wno-unknown-pragmas -Wno-shadow -Wno-four-char-constants -Wno-conversion -Wconstant-conversion -Wint-conversion -Wbool-conversion -Wenum-conversion -Wno-float-conversion -Wnon-literal-null-conversion -Wobjc-literal-conversion -Wshorten-64-to-32 -Wno-newline-eof -Wno-selector -Wno-strict-selector-match -Wundeclared-selector -Wdeprecated-implementations -Wno-c++11-extensions -Wno-implicit-fallthrough -fstrict-aliasing -Wprotocol -Wdeprecated-declarations -Winvalid-offsetof -Wno-sign-conversion -Winfinite-recursion -Wmove -Wcomma -Wblock-capture-autoreleasing -Wstrict-prototypes -Wrange-loop-analysis -Wno-semicolon-before-method-body -Wunguarded-availability -index-store-path /Users/cepl/Library/Developer/Xcode/DerivedData/MahaVistaar-fftejvycvpanihalgfoabwgqljvt/Index.noindex/DataStore @/Users/cepl/Library/Developer/Xcode/DerivedData/MahaVistaar-fftejvycvpanihalgfoabwgqljvt/Build/Intermediates.noindex/Pods.build/Debug-iphonesimulator/react-native-safe-area-context.build/Objects-normal/arm64/af3fcb34312c57c0f52879cdce924b91-common-args.resp -DRCT_NEW_ARCH_ENABLED\=1 -include /Users/cepl/Documents/GWLProjects/MahaVistaar-app/ios/Pods/Target\ Support\ Files/react-native-safe-area-context/react-native-safe-area-context-prefix.pch -MMD -MT dependencies -MF /Users/cepl/Library/Developer/Xcode/DerivedData/MahaVistaar-fftejvycvpanihalgfoabwgqljvt/Build/Intermediates.noindex/Pods.build/Debug-iphonesimulator/react-native-safe-area-context.build/Objects-normal/arm64/RNCSafeAreaContext.d --serialize-diagnostics /Users/cepl/Library/Developer/Xcode/DerivedData/MahaVistaar-fftejvycvpanihalgfoabwgqljvt/Build/Intermediates.noindex/Pods.build/Debug-iphonesimulator/react-native-safe-area-context.build/Objects-normal/arm64/RNCSafeAreaContext.dia -c /Users/cepl/Documents/GWLProjects/MahaVistaar-app/node_modules/react-native-safe-area-context/ios/RNCSafeAreaContext.mm -o /Users/cepl/Library/Developer/Xcode/DerivedData/MahaVistaar-fftejvycvpanihalgfoabwgqljvt/Build/Intermediates.noindex/Pods.build/Debug-iphonesimulator/react-native-safe-area-context.build/Objects-normal/arm64/RNCSafeAreaContext.o -index-unit-output-path /Pods.build/Debug-iphonesimulator/react-native-safe-area-context.build/Objects-normal/arm64/RNCSafeAreaContext.o
error \=non-modular-include-in-framework-module -Wno-trigraphs -Wno-missing-field-initializers -Wno-missing-prototypes -Werror\=return-type -Wdocumentation -Wunreachable-code -Werror\=deprecated-objc-isa-usage -Werror\=objc-root-class -Wno-non-virtual-dtor -Wno-overloaded-virtual -Wno-exit-time-destructors -Wno-missing-braces -Wparentheses -Wswitch -Wunused-function -Wno-unused-label -Wno-unused-parameter -Wunused-variable -Wunused-value -Wempty-body -Wuninitialized -Wconditional-uninitialized -Wno-unknown-pragmas -Wno-shadow -Wno-four-char-constants -Wno-conversion -Wconstant-conversion -Wint-conversion -Wbool-conversion -Wenum-conversion -Wno-float-conversion -Wnon-literal-null-conversion -Wobjc-literal-conversion -Wshorten-64-to-32 -Wno-newline-eof -Wno-c++11-extensions -Wno-implicit-fallthrough -fstrict-aliasing -Wdeprecated-declarations -Winvalid-offsetof -Wno-sign-conversion -Winfinite-recursion -Wmove -Wcomma -Wblock-capture-autoreleasing -Wstrict-prototypes -Wrange-loop-analysis -Wno-semicolon-before-method-body -Wunguarded-availability -index-store-path /Users/cepl/Library/Developer/Xcode/DerivedData/MahaVistaar-fftejvycvpanihalgfoabwgqljvt/Index.noindex/DataStore -Wno-comma -Wno-shorten-64-to-32 -Wno-documentation @/Users/cepl/Library/Developer/Xcode/DerivedData/MahaVistaar-fftejvycvpanihalgfoabwgqljvt/Build/Intermediates.noindex/Pods.build/Debug-iphonesimulator/ReactCodegen.build/Objects-normal/arm64/82b82416624d2658e5098eb0a28c15c5-common-args.resp -DFOLLY_MOBILE\=1 -DFOLLY_USE_LIBCPP\=1 -DFOLLY_CFG_NO_COROUTINES\=1 -DFOLLY_HAVE_CLOCK_GETTIME\=1 -Wno-comma -Wno-shorten-64-to-32 -Wno-documentation -Wno-nullability-completeness -std\=c++20 -include /Users/cepl/Documents/GWLProjects/MahaVistaar-app/ios/Pods/Target\ Support\ Files/ReactCodegen/ReactCodegen-prefix.pch -MMD -MT dependencies -MF /Users/cepl/Library/Developer/Xcode/DerivedData/MahaVistaar-fftejvycvpanihalgfoabwgqljvt/Build/Intermediates.noindex/Pods.build/Debug-iphonesimulator/ReactCodegen.build/Objects-normal/arm64/ShadowNodes-49d3d8fda7ec54dd71604ea3e6842853.d --serialize-diagnostics /Users/cepl/Library/Developer/Xcode/DerivedData/MahaVistaar-fftejvycvpanihalgfoabwgqljvt/Build/Intermediates.noindex/Pods.build/Debug-iphonesimulator/ReactCodegen.build/Objects-normal/arm64/ShadowNodes-49d3d8fda7ec54dd71604ea3e6842853.dia -c /Users/cepl/Documents/GWLProjects/MahaVistaar-app/ios/build/generated/ios/ReactCodegen/react/renderer/components/rnsvg/ShadowNodes.cpp -o /Users/cepl/Library/Developer/Xcode/DerivedData/MahaVistaar-fftejvycvpanihalgfoabwgqljvt/Build/Intermediates.noindex/Pods.build/Debug-iphonesimulator/ReactCodegen.build/Objects-normal/arm64/ShadowNodes-49d3d8fda7ec54dd71604ea3e6842853.o -index-unit-output-path /Pods.build/Debug-iphonesimulator/ReactCodegen.build/Objects-normal/arm64/ShadowNodes-49d3d8fda7ec54dd71604ea3e6842853.o
error \=non-modular-include-in-framework-module -Wno-trigraphs -Wno-missing-field-initializers -Wno-missing-prototypes -Werror\=return-type -Wdocumentation -Wunreachable-code -Wno-implicit-atomic-properties -Werror\=deprecated-objc-isa-usage -Wno-objc-interface-ivars -Werror\=objc-root-class -Wno-arc-repeated-use-of-weak -Wimplicit-retain-self -Wno-non-virtual-dtor -Wno-overloaded-virtual -Wno-exit-time-destructors -Wduplicate-method-match -Wno-missing-braces -Wparentheses -Wswitch -Wunused-function -Wno-unused-label -Wno-unused-parameter -Wunused-variable -Wunused-value -Wempty-body -Wuninitialized -Wconditional-uninitialized -Wno-unknown-pragmas -Wno-shadow -Wno-four-char-constants -Wno-conversion -Wconstant-conversion -Wint-conversion -Wbool-conversion -Wenum-conversion -Wno-float-conversion -Wnon-literal-null-conversion -Wobjc-literal-conversion -Wshorten-64-to-32 -Wno-newline-eof -Wno-selector -Wno-strict-selector-match -Wundeclared-selector -Wdeprecated-implementations -Wno-c++11-extensions -Wno-implicit-fallthrough -fstrict-aliasing -Wprotocol -Wdeprecated-declarations -Winvalid-offsetof -Wno-sign-conversion -Winfinite-recursion -Wmove -Wcomma -Wblock-capture-autoreleasing -Wstrict-prototypes -Wrange-loop-analysis -Wno-semicolon-before-method-body -Wunguarded-availability -index-store-path /Users/cepl/Library/Developer/Xcode/DerivedData/MahaVistaar-fftejvycvpanihalgfoabwgqljvt/Index.noindex/DataStore -Wno-comma -Wno-shorten-64-to-32 -Wno-documentation @/Users/cepl/Library/Developer/Xcode/DerivedData/MahaVistaar-fftejvycvpanihalgfoabwgqljvt/Build/Intermediates.noindex/Pods.build/Debug-iphonesimulator/ReactCodegen.build/Objects-normal/arm64/af3fcb34312c57c0f52879cdce924b91-common-args.resp -DFOLLY_MOBILE\=1 -DFOLLY_USE_LIBCPP\=1 -DFOLLY_CFG_NO_COROUTINES\=1 -DFOLLY_HAVE_CLOCK_GETTIME\=1 -Wno-comma -Wno-shorten-64-to-32 -Wno-documentation -Wno-nullability-completeness -std\=c++20 -include /Users/cepl/Documents/GWLProjects/MahaVistaar-app/ios/Pods/Target\ Support\ Files/ReactCodegen/ReactCodegen-prefix.pch -MMD -MT dependencies -MF /Users/cepl/Library/Developer/Xcode/DerivedData/MahaVistaar-fftejvycvpanihalgfoabwgqljvt/Build/Intermediates.noindex/Pods.build/Debug-iphonesimulator/ReactCodegen.build/Objects-normal/arm64/RCTUnstableModulesRequiringMainQueueSetupProvider.d --serialize-diagnostics /Users/cepl/Library/Developer/Xcode/DerivedData/MahaVistaar-fftejvycvpanihalgfoabwgqljvt/Build/Intermediates.noindex/Pods.build/Debug-iphonesimulator/ReactCodegen.build/Objects-normal/arm64/RCTUnstableModulesRequiringMainQueueSetupProvider.dia -c /Users/cepl/Documents/GWLProjects/MahaVistaar-app/ios/build/generated/ios/ReactCodegen/RCTUnstableModulesRequiringMainQueueSetupProvider.mm -o /Users/cepl/Library/Developer/Xcode/DerivedData/MahaVistaar-fftejvycvpanihalgfoabwgqljvt/Build/Intermediates.noindex/Pods.build/Debug-iphonesimulator/ReactCodegen.build/Objects-normal/arm64/RCTUnstableModulesRequiringMainQueueSetupProvider.o -index-unit-output-path /Pods.build/Debug-iphonesimulator/ReactCodegen.build/Objects-normal/arm64/RCTUnstableModulesRequiringMainQueueSetupProvider.o
error \=non-modular-include-in-framework-module -Wno-trigraphs -Wno-missing-field-initializers -Wno-missing-prototypes -Werror\=return-type -Wdocumentation -Wunreachable-code -Wno-implicit-atomic-properties -Werror\=deprecated-objc-isa-usage -Wno-objc-interface-ivars -Werror\=objc-root-class -Wno-arc-repeated-use-of-weak -Wimplicit-retain-self -Wno-non-virtual-dtor -Wno-overloaded-virtual -Wno-exit-time-destructors -Wduplicate-method-match -Wno-missing-braces -Wparentheses -Wswitch -Wunused-function -Wno-unused-label -Wno-unused-parameter -Wunused-variable -Wunused-value -Wempty-body -Wuninitialized -Wconditional-uninitialized -Wno-unknown-pragmas -Wno-shadow -Wno-four-char-constants -Wno-conversion -Wconstant-conversion -Wint-conversion -Wbool-conversion -Wenum-conversion -Wno-float-conversion -Wnon-literal-null-conversion -Wobjc-literal-conversion -Wshorten-64-to-32 -Wno-newline-eof -Wno-selector -Wno-strict-selector-match -Wundeclared-selector -Wdeprecated-implementations -Wno-c++11-extensions -Wno-implicit-fallthrough -fstrict-aliasing -Wprotocol -Wdeprecated-declarations -Winvalid-offsetof -Wno-sign-conversion -Winfinite-recursion -Wmove -Wcomma -Wblock-capture-autoreleasing -Wstrict-prototypes -Wrange-loop-analysis -Wno-semicolon-before-method-body -Wunguarded-availability -index-store-path /Users/cepl/Library/Developer/Xcode/DerivedData/MahaVistaar-fftejvycvpanihalgfoabwgqljvt/Index.noindex/DataStore -Wno-comma -Wno-shorten-64-to-32 -Wno-documentation @/Users/cepl/Library/Developer/Xcode/DerivedData/MahaVistaar-fftejvycvpanihalgfoabwgqljvt/Build/Intermediates.noindex/Pods.build/Debug-iphonesimulator/ReactCodegen.build/Objects-normal/arm64/af3fcb34312c57c0f52879cdce924b91-common-args.resp -DFOLLY_MOBILE\=1 -DFOLLY_USE_LIBCPP\=1 -DFOLLY_CFG_NO_COROUTINES\=1 -DFOLLY_HAVE_CLOCK_GETTIME\=1 -Wno-comma -Wno-shorten-64-to-32 -Wno-documentation -Wno-nullability-completeness -std\=c++20 -include /Users/cepl/Documents/GWLProjects/MahaVistaar-app/ios/Pods/Target\ Support\ Files/ReactCodegen/ReactCodegen-prefix.pch -MMD -MT dependencies -MF /Users/cepl/Library/Developer/Xcode/DerivedData/MahaVistaar-fftejvycvpanihalgfoabwgqljvt/Build/Intermediates.noindex/Pods.build/Debug-iphonesimulator/ReactCodegen.build/Objects-normal/arm64/RCTThirdPartyComponentsProvider.d --serialize-diagnostics /Users/cepl/Library/Developer/Xcode/DerivedData/MahaVistaar-fftejvycvpanihalgfoabwgqljvt/Build/Intermediates.noindex/Pods.build/Debug-iphonesimulator/ReactCodegen.build/Objects-normal/arm64/RCTThirdPartyComponentsProvider.dia -c /Users/cepl/Documents/GWLProjects/MahaVistaar-app/ios/build/generated/ios/ReactCodegen/RCTThirdPartyComponentsProvider.mm -o /Users/cepl/Library/Developer/Xcode/DerivedData/MahaVistaar-fftejvycvpanihalgfoabwgqljvt/Build/Intermediates.noindex/Pods.build/Debug-iphonesimulator/ReactCodegen.build/Objects-normal/arm64/RCTThirdPartyComponentsProvider.o -index-unit-output-path /Pods.build/Debug-iphonesimulator/ReactCodegen.build/Objects-normal/arm64/RCTThirdPartyComponentsProvider.o
error \=non-modular-include-in-framework-module -Wno-trigraphs -Wno-missing-field-initializers -Wno-missing-prototypes -Werror\=return-type -Wdocumentation -Wunreachable-code -Wno-implicit-atomic-properties -Werror\=deprecated-objc-isa-usage -Wno-objc-interface-ivars -Werror\=objc-root-class -Wno-arc-repeated-use-of-weak -Wimplicit-retain-self -Wno-non-virtual-dtor -Wno-overloaded-virtual -Wno-exit-time-destructors -Wduplicate-method-match -Wno-missing-braces -Wparentheses -Wswitch -Wunused-function -Wno-unused-label -Wno-unused-parameter -Wunused-variable -Wunused-value -Wempty-body -Wuninitialized -Wconditional-uninitialized -Wno-unknown-pragmas -Wno-shadow -Wno-four-char-constants -Wno-conversion -Wconstant-conversion -Wint-conversion -Wbool-conversion -Wenum-conversion -Wno-float-conversion -Wnon-literal-null-conversion -Wobjc-literal-conversion -Wshorten-64-to-32 -Wno-newline-eof -Wno-selector -Wno-strict-selector-match -Wundeclared-selector -Wdeprecated-implementations -Wno-c++11-extensions -Wno-implicit-fallthrough -fstrict-aliasing -Wprotocol -Wdeprecated-declarations -Winvalid-offsetof -Wno-sign-conversion -Winfinite-recursion -Wmove -Wcomma -Wblock-capture-autoreleasing -Wstrict-prototypes -Wrange-loop-analysis -Wno-semicolon-before-method-body -Wunguarded-availability -index-store-path /Users/cepl/Library/Developer/Xcode/DerivedData/MahaVistaar-fftejvycvpanihalgfoabwgqljvt/Index.noindex/DataStore -Wno-comma -Wno-shorten-64-to-32 -Wno-documentation @/Users/cepl/Library/Developer/Xcode/DerivedData/MahaVistaar-fftejvycvpanihalgfoabwgqljvt/Build/Intermediates.noindex/Pods.build/Debug-iphonesimulator/ReactCodegen.build/Objects-normal/arm64/af3fcb34312c57c0f52879cdce924b91-common-args.resp -DFOLLY_MOBILE\=1 -DFOLLY_USE_LIBCPP\=1 -DFOLLY_CFG_NO_COROUTINES\=1 -DFOLLY_HAVE_CLOCK_GETTIME\=1 -Wno-comma -Wno-shorten-64-to-32 -Wno-documentation -Wno-nullability-completeness -std\=c++20 -include /Users/cepl/Documents/GWLProjects/MahaVistaar-app/ios/Pods/Target\ Support\ Files/ReactCodegen/ReactCodegen-prefix.pch -MMD -MT dependencies -MF /Users/cepl/Library/Developer/Xcode/DerivedData/MahaVistaar-fftejvycvpanihalgfoabwgqljvt/Build/Intermediates.noindex/Pods.build/Debug-iphonesimulator/ReactCodegen.build/Objects-normal/arm64/RCTModulesConformingToProtocolsProvider.d --serialize-diagnostics /Users/cepl/Library/Developer/Xcode/DerivedData/MahaVistaar-fftejvycvpanihalgfoabwgqljvt/Build/Intermediates.noindex/Pods.build/Debug-iphonesimulator/ReactCodegen.build/Objects-normal/arm64/RCTModulesConformingToProtocolsProvider.dia -c /Users/cepl/Documents/GWLProjects/MahaVistaar-app/ios/build/generated/ios/ReactCodegen/RCTModulesConformingToProtocolsProvider.mm -o /Users/cepl/Library/Developer/Xcode/DerivedData/MahaVistaar-fftejvycvpanihalgfoabwgqljvt/Build/Intermediates.noindex/Pods.build/Debug-iphonesimulator/ReactCodegen.build/Objects-normal/arm64/RCTModulesConformingToProtocolsProvider.o -index-unit-output-path /Pods.build/Debug-iphonesimulator/ReactCodegen.build/Objects-normal/arm64/RCTModulesConformingToProtocolsProvider.o
error \=non-modular-include-in-framework-module -Wno-trigraphs -Wno-missing-field-initializers -Wno-missing-prototypes -Werror\=return-type -Wdocumentation -Wunreachable-code -Wno-implicit-atomic-properties -Werror\=deprecated-objc-isa-usage -Wno-objc-interface-ivars -Werror\=objc-root-class -Wno-arc-repeated-use-of-weak -Wimplicit-retain-self -Wno-non-virtual-dtor -Wno-overloaded-virtual -Wno-exit-time-destructors -Wduplicate-method-match -Wno-missing-braces -Wparentheses -Wswitch -Wunused-function -Wno-unused-label -Wno-unused-parameter -Wunused-variable -Wunused-value -Wempty-body -Wuninitialized -Wconditional-uninitialized -Wno-unknown-pragmas -Wno-shadow -Wno-four-char-constants -Wno-conversion -Wconstant-conversion -Wint-conversion -Wbool-conversion -Wenum-conversion -Wno-float-conversion -Wnon-literal-null-conversion -Wobjc-literal-conversion -Wshorten-64-to-32 -Wno-newline-eof -Wno-selector -Wno-strict-selector-match -Wundeclared-selector -Wdeprecated-implementations -Wno-c++11-extensions -Wno-implicit-fallthrough -fstrict-aliasing -Wprotocol -Wdeprecated-declarations -Winvalid-offsetof -Wno-sign-conversion -Winfinite-recursion -Wmove -Wcomma -Wblock-capture-autoreleasing -Wstrict-prototypes -Wrange-loop-analysis -Wno-semicolon-before-method-body -Wunguarded-availability -index-store-path /Users/cepl/Library/Developer/Xcode/DerivedData/MahaVistaar-fftejvycvpanihalgfoabwgqljvt/Index.noindex/DataStore -Wno-comma -Wno-shorten-64-to-32 -Wno-documentation @/Users/cepl/Library/Developer/Xcode/DerivedData/MahaVistaar-fftejvycvpanihalgfoabwgqljvt/Build/Intermediates.noindex/Pods.build/Debug-iphonesimulator/ReactCodegen.build/Objects-normal/arm64/af3fcb34312c57c0f52879cdce924b91-common-args.resp -DFOLLY_MOBILE\=1 -DFOLLY_USE_LIBCPP\=1 -DFOLLY_CFG_NO_COROUTINES\=1 -DFOLLY_HAVE_CLOCK_GETTIME\=1 -Wno-comma -Wno-shorten-64-to-32 -Wno-documentation -Wno-nullability-completeness -std\=c++20 -include /Users/cepl/Documents/GWLProjects/MahaVistaar-app/ios/Pods/Target\ Support\ Files/ReactCodegen/ReactCodegen-prefix.pch -MMD -MT dependencies -MF /Users/cepl/Library/Developer/Xcode/DerivedData/MahaVistaar-fftejvycvpanihalgfoabwgqljvt/Build/Intermediates.noindex/Pods.build/Debug-iphonesimulator/ReactCodegen.build/Objects-normal/arm64/RCTModuleProviders.d --serialize-diagnostics /Users/cepl/Library/Developer/Xcode/DerivedData/MahaVistaar-fftejvycvpanihalgfoabwgqljvt/Build/Intermediates.noindex/Pods.build/Debug-iphonesimulator/ReactCodegen.build/Objects-normal/arm64/RCTModuleProviders.dia -c /Users/cepl/Documents/GWLProjects/MahaVistaar-app/ios/build/generated/ios/ReactCodegen/RCTModuleProviders.mm -o /Users/cepl/Library/Developer/Xcode/DerivedData/MahaVistaar-fftejvycvpanihalgfoabwgqljvt/Build/Intermediates.noindex/Pods.build/Debug-iphonesimulator/ReactCodegen.build/Objects-normal/arm64/RCTModuleProviders.o -index-unit-output-path /Pods.build/Debug-iphonesimulator/ReactCodegen.build/Objects-normal/arm64/RCTModuleProviders.o
error \=non-modular-include-in-framework-module -Wno-trigraphs -Wno-missing-field-initializers -Wno-missing-prototypes -Werror\=return-type -Wdocumentation -Wunreachable-code -Werror\=deprecated-objc-isa-usage -Werror\=objc-root-class -Wno-non-virtual-dtor -Wno-overloaded-virtual -Wno-exit-time-destructors -Wno-missing-braces -Wparentheses -Wswitch -Wunused-function -Wno-unused-label -Wno-unused-parameter -Wunused-variable -Wunused-value -Wempty-body -Wuninitialized -Wconditional-uninitialized -Wno-unknown-pragmas -Wno-shadow -Wno-four-char-constants -Wno-conversion -Wconstant-conversion -Wint-conversion -Wbool-conversion -Wenum-conversion -Wno-float-conversion -Wnon-literal-null-conversion -Wobjc-literal-conversion -Wshorten-64-to-32 -Wno-newline-eof -Wno-c++11-extensions -Wno-implicit-fallthrough -fstrict-aliasing -Wdeprecated-declarations -Winvalid-offsetof -Wno-sign-conversion -Winfinite-recursion -Wmove -Wcomma -Wblock-capture-autoreleasing -Wstrict-prototypes -Wrange-loop-analysis -Wno-semicolon-before-method-body -Wunguarded-availability -index-store-path /Users/cepl/Library/Developer/Xcode/DerivedData/MahaVistaar-fftejvycvpanihalgfoabwgqljvt/Index.noindex/DataStore -Wno-comma -Wno-shorten-64-to-32 -Wno-documentation @/Users/cepl/Library/Developer/Xcode/DerivedData/MahaVistaar-fftejvycvpanihalgfoabwgqljvt/Build/Intermediates.noindex/Pods.build/Debug-iphonesimulator/ReactCodegen.build/Objects-normal/arm64/82b82416624d2658e5098eb0a28c15c5-common-args.resp -DFOLLY_MOBILE\=1 -DFOLLY_USE_LIBCPP\=1 -DFOLLY_CFG_NO_COROUTINES\=1 -DFOLLY_HAVE_CLOCK_GETTIME\=1 -Wno-comma -Wno-shorten-64-to-32 -Wno-documentation -Wno-nullability-completeness -std\=c++20 -include /Users/cepl/Documents/GWLProjects/MahaVistaar-app/ios/Pods/Target\ Support\ Files/ReactCodegen/ReactCodegen-prefix.pch -MMD -MT dependencies -MF /Users/cepl/Library/Developer/Xcode/DerivedData/MahaVistaar-fftejvycvpanihalgfoabwgqljvt/Build/Intermediates.noindex/Pods.build/Debug-iphonesimulator/ReactCodegen.build/Objects-normal/arm64/Props-d66c766f57d330d902ae6a51ea6821b9.d --serialize-diagnostics /Users/cepl/Library/Developer/Xcode/DerivedData/MahaVistaar-fftejvycvpanihalgfoabwgqljvt/Build/Intermediates.noindex/Pods.build/Debug-iphonesimulator/ReactCodegen.build/Objects-normal/arm64/Props-d66c766f57d330d902ae6a51ea6821b9.dia -c /Users/cepl/Documents/GWLProjects/MahaVistaar-app/ios/build/generated/ios/ReactCodegen/react/renderer/components/rnsvg/Props.cpp -o /Users/cepl/Library/Developer/Xcode/DerivedData/MahaVistaar-fftejvycvpanihalgfoabwgqljvt/Build/Intermediates.noindex/Pods.build/Debug-iphonesimulator/ReactCodegen.build/Objects-normal/arm64/Props-d66c766f57d330d902ae6a51ea6821b9.o -index-unit-output-path /Pods.build/Debug-iphonesimulator/ReactCodegen.build/Objects-normal/arm64/Props-d66c766f57d330d902ae6a51ea6821b9.o
error \=non-modular-include-in-framework-module -Wno-trigraphs -Wno-missing-field-initializers -Wno-missing-prototypes -Werror\=return-type -Wdocumentation -Wunreachable-code -Werror\=deprecated-objc-isa-usage -Werror\=objc-root-class -Wno-non-virtual-dtor -Wno-overloaded-virtual -Wno-exit-time-destructors -Wno-missing-braces -Wparentheses -Wswitch -Wunused-function -Wno-unused-label -Wno-unused-parameter -Wunused-variable -Wunused-value -Wempty-body -Wuninitialized -Wconditional-uninitialized -Wno-unknown-pragmas -Wno-shadow -Wno-four-char-constants -Wno-conversion -Wconstant-conversion -Wint-conversion -Wbool-conversion -Wenum-conversion -Wno-float-conversion -Wnon-literal-null-conversion -Wobjc-literal-conversion -Wshorten-64-to-32 -Wno-newline-eof -Wno-c++11-extensions -Wno-implicit-fallthrough -fstrict-aliasing -Wdeprecated-declarations -Winvalid-offsetof -Wno-sign-conversion -Winfinite-recursion -Wmove -Wcomma -Wblock-capture-autoreleasing -Wstrict-prototypes -Wrange-loop-analysis -Wno-semicolon-before-method-body -Wunguarded-availability -index-store-path /Users/cepl/Library/Developer/Xcode/DerivedData/MahaVistaar-fftejvycvpanihalgfoabwgqljvt/Index.noindex/DataStore -Wno-comma -Wno-shorten-64-to-32 -Wno-documentation @/Users/cepl/Library/Developer/Xcode/DerivedData/MahaVistaar-fftejvycvpanihalgfoabwgqljvt/Build/Intermediates.noindex/Pods.build/Debug-iphonesimulator/ReactCodegen.build/Objects-normal/arm64/82b82416624d2658e5098eb0a28c15c5-common-args.resp -DFOLLY_MOBILE\=1 -DFOLLY_USE_LIBCPP\=1 -DFOLLY_CFG_NO_COROUTINES\=1 -DFOLLY_HAVE_CLOCK_GETTIME\=1 -Wno-comma -Wno-shorten-64-to-32 -Wno-documentation -Wno-nullability-completeness -std\=c++20 -include /Users/cepl/Documents/GWLProjects/MahaVistaar-app/ios/Pods/Target\ Support\ Files/ReactCodegen/ReactCodegen-prefix.pch -MMD -MT dependencies -MF /Users/cepl/Library/Developer/Xcode/DerivedData/MahaVistaar-fftejvycvpanihalgfoabwgqljvt/Build/Intermediates.noindex/Pods.build/Debug-iphonesimulator/ReactCodegen.build/Objects-normal/arm64/Props-d4032bf3c4db9eca4a8ec17ced8ce471.d --serialize-diagnostics /Users/cepl/Library/Developer/Xcode/DerivedData/MahaVistaar-fftejvycvpanihalgfoabwgqljvt/Build/Intermediates.noindex/Pods.build/Debug-iphonesimulator/ReactCodegen.build/Objects-normal/arm64/Props-d4032bf3c4db9eca4a8ec17ced8ce471.dia -c /Users/cepl/Documents/GWLProjects/MahaVistaar-app/ios/build/generated/ios/ReactCodegen/react/renderer/components/safeareacontext/Props.cpp -o /Users/cepl/Library/Developer/Xcode/DerivedData/MahaVistaar-fftejvycvpanihalgfoabwgqljvt/Build/Intermediates.noindex/Pods.build/Debug-iphonesimulator/ReactCodegen.build/Objects-normal/arm64/Props-d4032bf3c4db9eca4a8ec17ced8ce471.o -index-unit-output-path /Pods.build/Debug-iphonesimulator/ReactCodegen.build/Objects-normal/arm64/Props-d4032bf3c4db9eca4a8ec17ced8ce471.o
error \=non-modular-include-in-framework-module -Wno-trigraphs -Wno-missing-field-initializers -Wno-missing-prototypes -Werror\=return-type -Wdocumentation -Wunreachable-code -Werror\=deprecated-objc-isa-usage -Werror\=objc-root-class -Wno-non-virtual-dtor -Wno-overloaded-virtual -Wno-exit-time-destructors -Wno-missing-braces -Wparentheses -Wswitch -Wunused-function -Wno-unused-label -Wno-unused-parameter -Wunused-variable -Wunused-value -Wempty-body -Wuninitialized -Wconditional-uninitialized -Wno-unknown-pragmas -Wno-shadow -Wno-four-char-constants -Wno-conversion -Wconstant-conversion -Wint-conversion -Wbool-conversion -Wenum-conversion -Wno-float-conversion -Wnon-literal-null-conversion -Wobjc-literal-conversion -Wshorten-64-to-32 -Wno-newline-eof -Wno-c++11-extensions -Wno-implicit-fallthrough -fstrict-aliasing -Wdeprecated-declarations -Winvalid-offsetof -Wno-sign-conversion -Winfinite-recursion -Wmove -Wcomma -Wblock-capture-autoreleasing -Wstrict-prototypes -Wrange-loop-analysis -Wno-semicolon-before-method-body -Wunguarded-availability -index-store-path /Users/cepl/Library/Developer/Xcode/DerivedData/MahaVistaar-fftejvycvpanihalgfoabwgqljvt/Index.noindex/DataStore -Wno-comma -Wno-shorten-64-to-32 -Wno-documentation @/Users/cepl/Library/Developer/Xcode/DerivedData/MahaVistaar-fftejvycvpanihalgfoabwgqljvt/Build/Intermediates.noindex/Pods.build/Debug-iphonesimulator/ReactCodegen.build/Objects-normal/arm64/82b82416624d2658e5098eb0a28c15c5-common-args.resp -DFOLLY_MOBILE\=1 -DFOLLY_USE_LIBCPP\=1 -DFOLLY_CFG_NO_COROUTINES\=1 -DFOLLY_HAVE_CLOCK_GETTIME\=1 -Wno-comma -Wno-shorten-64-to-32 -Wno-documentation -Wno-nullability-completeness -std\=c++20 -include /Users/cepl/Documents/GWLProjects/MahaVistaar-app/ios/Pods/Target\ Support\ Files/ReactCodegen/ReactCodegen-prefix.pch -MMD -MT dependencies -MF /Users/cepl/Library/Developer/Xcode/DerivedData/MahaVistaar-fftejvycvpanihalgfoabwgqljvt/Build/Intermediates.noindex/Pods.build/Debug-iphonesimulator/ReactCodegen.build/Objects-normal/arm64/EventEmitters-ab8f14ea4af58e2532bd2b612ca58f48.d --serialize-diagnostics /Users/cepl/Library/Developer/Xcode/DerivedData/MahaVistaar-fftejvycvpanihalgfoabwgqljvt/Build/Intermediates.noindex/Pods.build/Debug-iphonesimulator/ReactCodegen.build/Objects-normal/arm64/EventEmitters-ab8f14ea4af58e2532bd2b612ca58f48.dia -c /Users/cepl/Documents/GWLProjects/MahaVistaar-app/ios/build/generated/ios/ReactCodegen/react/renderer/components/rnsvg/EventEmitters.cpp -o /Users/cepl/Library/Developer/Xcode/DerivedData/MahaVistaar-fftejvycvpanihalgfoabwgqljvt/Build/Intermediates.noindex/Pods.build/Debug-iphonesimulator/ReactCodegen.build/Objects-normal/arm64/EventEmitters-ab8f14ea4af58e2532bd2b612ca58f48.o -index-unit-output-path /Pods.build/Debug-iphonesimulator/ReactCodegen.build/Objects-normal/arm64/EventEmitters-ab8f14ea4af58e2532bd2b612ca58f48.o
error \=non-modular-include-in-framework-module -Wno-trigraphs -Wno-missing-field-initializers -Wno-missing-prototypes -Werror\=return-type -Wdocumentation -Wunreachable-code -Werror\=deprecated-objc-isa-usage -Werror\=objc-root-class -Wno-non-virtual-dtor -Wno-overloaded-virtual -Wno-exit-time-destructors -Wno-missing-braces -Wparentheses -Wswitch -Wunused-function -Wno-unused-label -Wno-unused-parameter -Wunused-variable -Wunused-value -Wempty-body -Wuninitialized -Wconditional-uninitialized -Wno-unknown-pragmas -Wno-shadow -Wno-four-char-constants -Wno-conversion -Wconstant-conversion -Wint-conversion -Wbool-conversion -Wenum-conversion -Wno-float-conversion -Wnon-literal-null-conversion -Wobjc-literal-conversion -Wshorten-64-to-32 -Wno-newline-eof -Wno-c++11-extensions -Wno-implicit-fallthrough -fstrict-aliasing -Wdeprecated-declarations -Winvalid-offsetof -Wno-sign-conversion -Winfinite-recursion -Wmove -Wcomma -Wblock-capture-autoreleasing -Wstrict-prototypes -Wrange-loop-analysis -Wno-semicolon-before-method-body -Wunguarded-availability -index-store-path /Users/cepl/Library/Developer/Xcode/DerivedData/MahaVistaar-fftejvycvpanihalgfoabwgqljvt/Index.noindex/DataStore -Wno-comma -Wno-shorten-64-to-32 -Wno-documentation @/Users/cepl/Library/Developer/Xcode/DerivedData/MahaVistaar-fftejvycvpanihalgfoabwgqljvt/Build/Intermediates.noindex/Pods.build/Debug-iphonesimulator/ReactCodegen.build/Objects-normal/arm64/82b82416624d2658e5098eb0a28c15c5-common-args.resp -DFOLLY_MOBILE\=1 -DFOLLY_USE_LIBCPP\=1 -DFOLLY_CFG_NO_COROUTINES\=1 -DFOLLY_HAVE_CLOCK_GETTIME\=1 -Wno-comma -Wno-shorten-64-to-32 -Wno-documentation -Wno-nullability-completeness -std\=c++20 -include /Users/cepl/Documents/GWLProjects/MahaVistaar-app/ios/Pods/Target\ Support\ Files/ReactCodegen/ReactCodegen-prefix.pch -MMD -MT dependencies -MF /Users/cepl/Library/Developer/Xcode/DerivedData/MahaVistaar-fftejvycvpanihalgfoabwgqljvt/Build/Intermediates.noindex/Pods.build/Debug-iphonesimulator/ReactCodegen.build/Objects-normal/arm64/EventEmitters-6984e11372805ebb6b8b7c2077f58c0c.d --serialize-diagnostics /Users/cepl/Library/Developer/Xcode/DerivedData/MahaVistaar-fftejvycvpanihalgfoabwgqljvt/Build/Intermediates.noindex/Pods.build/Debug-iphonesimulator/ReactCodegen.build/Objects-normal/arm64/EventEmitters-6984e11372805ebb6b8b7c2077f58c0c.dia -c /Users/cepl/Documents/GWLProjects/MahaVistaar-app/ios/build/generated/ios/ReactCodegen/react/renderer/components/safeareacontext/EventEmitters.cpp -o /Users/cepl/Library/Developer/Xcode/DerivedData/MahaVistaar-fftejvycvpanihalgfoabwgqljvt/Build/Intermediates.noindex/Pods.build/Debug-iphonesimulator/ReactCodegen.build/Objects-normal/arm64/EventEmitters-6984e11372805ebb6b8b7c2077f58c0c.o -index-unit-output-path /Pods.build/Debug-iphonesimulator/ReactCodegen.build/Objects-normal/arm64/EventEmitters-6984e11372805ebb6b8b7c2077f58c0c.o
error \=non-modular-include-in-framework-module -Wno-trigraphs -Wno-missing-field-initializers -Wno-missing-prototypes -Werror\=return-type -Wdocumentation -Wunreachable-code -Werror\=deprecated-objc-isa-usage -Werror\=objc-root-class -Wno-non-virtual-dtor -Wno-overloaded-virtual -Wno-exit-time-destructors -Wno-missing-braces -Wparentheses -Wswitch -Wunused-function -Wno-unused-label -Wno-unused-parameter -Wunused-variable -Wunused-value -Wempty-body -Wuninitialized -Wconditional-uninitialized -Wno-unknown-pragmas -Wno-shadow -Wno-four-char-constants -Wno-conversion -Wconstant-conversion -Wint-conversion -Wbool-conversion -Wenum-conversion -Wno-float-conversion -Wnon-literal-null-conversion -Wobjc-literal-conversion -Wshorten-64-to-32 -Wno-newline-eof -Wno-c++11-extensions -Wno-implicit-fallthrough -fstrict-aliasing -Wdeprecated-declarations -Winvalid-offsetof -Wno-sign-conversion -Winfinite-recursion -Wmove -Wcomma -Wblock-capture-autoreleasing -Wstrict-prototypes -Wrange-loop-analysis -Wno-semicolon-before-method-body -Wunguarded-availability -index-store-path /Users/cepl/Library/Developer/Xcode/DerivedData/MahaVistaar-fftejvycvpanihalgfoabwgqljvt/Index.noindex/DataStore -Wno-comma -Wno-shorten-64-to-32 -Wno-documentation @/Users/cepl/Library/Developer/Xcode/DerivedData/MahaVistaar-fftejvycvpanihalgfoabwgqljvt/Build/Intermediates.noindex/Pods.build/Debug-iphonesimulator/ReactCodegen.build/Objects-normal/arm64/82b82416624d2658e5098eb0a28c15c5-common-args.resp -DFOLLY_MOBILE\=1 -DFOLLY_USE_LIBCPP\=1 -DFOLLY_CFG_NO_COROUTINES\=1 -DFOLLY_HAVE_CLOCK_GETTIME\=1 -Wno-comma -Wno-shorten-64-to-32 -Wno-documentation -Wno-nullability-completeness -std\=c++20 -include /Users/cepl/Documents/GWLProjects/MahaVistaar-app/ios/Pods/Target\ Support\ Files/ReactCodegen/ReactCodegen-prefix.pch -MMD -MT dependencies -MF /Users/cepl/Library/Developer/Xcode/DerivedData/MahaVistaar-fftejvycvpanihalgfoabwgqljvt/Build/Intermediates.noindex/Pods.build/Debug-iphonesimulator/ReactCodegen.build/Objects-normal/arm64/ComponentDescriptors-dc9cbf8919b6f574ef4b445422656af7.d --serialize-diagnostics /Users/cepl/Library/Developer/Xcode/DerivedData/MahaVistaar-fftejvycvpanihalgfoabwgqljvt/Build/Intermediates.noindex/Pods.build/Debug-iphonesimulator/ReactCodegen.build/Objects-normal/arm64/ComponentDescriptors-dc9cbf8919b6f574ef4b445422656af7.dia -c /Users/cepl/Documents/GWLProjects/MahaVistaar-app/ios/build/generated/ios/ReactCodegen/react/renderer/components/safeareacontext/ComponentDescriptors.cpp -o /Users/cepl/Library/Developer/Xcode/DerivedData/MahaVistaar-fftejvycvpanihalgfoabwgqljvt/Build/Intermediates.noindex/Pods.build/Debug-iphonesimulator/ReactCodegen.build/Objects-normal/arm64/ComponentDescriptors-dc9cbf8919b6f574ef4b445422656af7.o -index-unit-output-path /Pods.build/Debug-iphonesimulator/ReactCodegen.build/Objects-normal/arm64/ComponentDescriptors-dc9cbf8919b6f574ef4b445422656af7.o
error \=non-modular-include-in-framework-module -Wno-trigraphs -Wno-missing-field-initializers -Wno-missing-prototypes -Werror\=return-type -Wdocumentation -Wunreachable-code -Werror\=deprecated-objc-isa-usage -Werror\=objc-root-class -Wno-non-virtual-dtor -Wno-overloaded-virtual -Wno-exit-time-destructors -Wno-missing-braces -Wparentheses -Wswitch -Wunused-function -Wno-unused-label -Wno-unused-parameter -Wunused-variable -Wunused-value -Wempty-body -Wuninitialized -Wconditional-uninitialized -Wno-unknown-pragmas -Wno-shadow -Wno-four-char-constants -Wno-conversion -Wconstant-conversion -Wint-conversion -Wbool-conversion -Wenum-conversion -Wno-float-conversion -Wnon-literal-null-conversion -Wobjc-literal-conversion -Wshorten-64-to-32 -Wno-newline-eof -Wno-c++11-extensions -Wno-implicit-fallthrough -fstrict-aliasing -Wdeprecated-declarations -Winvalid-offsetof -Wno-sign-conversion -Winfinite-recursion -Wmove -Wcomma -Wblock-capture-autoreleasing -Wstrict-prototypes -Wrange-loop-analysis -Wno-semicolon-before-method-body -Wunguarded-availability -index-store-path /Users/cepl/Library/Developer/Xcode/DerivedData/MahaVistaar-fftejvycvpanihalgfoabwgqljvt/Index.noindex/DataStore -Wno-comma -Wno-shorten-64-to-32 -Wno-documentation @/Users/cepl/Library/Developer/Xcode/DerivedData/MahaVistaar-fftejvycvpanihalgfoabwgqljvt/Build/Intermediates.noindex/Pods.build/Debug-iphonesimulator/ReactCodegen.build/Objects-normal/arm64/82b82416624d2658e5098eb0a28c15c5-common-args.resp -DFOLLY_MOBILE\=1 -DFOLLY_USE_LIBCPP\=1 -DFOLLY_CFG_NO_COROUTINES\=1 -DFOLLY_HAVE_CLOCK_GETTIME\=1 -Wno-comma -Wno-shorten-64-to-32 -Wno-documentation -Wno-nullability-completeness -std\=c++20 -include /Users/cepl/Documents/GWLProjects/MahaVistaar-app/ios/Pods/Target\ Support\ Files/ReactCodegen/ReactCodegen-prefix.pch -MMD -MT dependencies -MF /Users/cepl/Library/Developer/Xcode/DerivedData/MahaVistaar-fftejvycvpanihalgfoabwgqljvt/Build/Intermediates.noindex/Pods.build/Debug-iphonesimulator/ReactCodegen.build/Objects-normal/arm64/ComponentDescriptors-d9cad0d9865480f5299c49a35762ebb5.d --serialize-diagnostics /Users/cepl/Library/Developer/Xcode/DerivedData/MahaVistaar-fftejvycvpanihalgfoabwgqljvt/Build/Intermediates.noindex/Pods.build/Debug-iphonesimulator/ReactCodegen.build/Objects-normal/arm64/ComponentDescriptors-d9cad0d9865480f5299c49a35762ebb5.dia -c /Users/cepl/Documents/GWLProjects/MahaVistaar-app/ios/build/generated/ios/ReactCodegen/react/renderer/components/rnsvg/ComponentDescriptors.cpp -o /Users/cepl/Library/Developer/Xcode/DerivedData/MahaVistaar-fftejvycvpanihalgfoabwgqljvt/Build/Intermediates.noindex/Pods.build/Debug-iphonesimulator/ReactCodegen.build/Objects-normal/arm64/ComponentDescriptors-d9cad0d9865480f5299c49a35762ebb5.o -index-unit-output-path /Pods.build/Debug-iphonesimulator/ReactCodegen.build/Objects-normal/arm64/ComponentDescriptors-d9cad0d9865480f5299c49a35762ebb5.o
error \=non-modular-include-in-framework-module -Wno-trigraphs -Wno-missing-field-initializers -Wno-missing-prototypes -Werror\=return-type -Wdocumentation -Wunreachable-code -Wno-implicit-atomic-properties -Werror\=deprecated-objc-isa-usage -Wno-objc-interface-ivars -Werror\=objc-root-class -Wno-arc-repeated-use-of-weak -Wimplicit-retain-self -Wno-non-virtual-dtor -Wno-overloaded-virtual -Wno-exit-time-destructors -Wduplicate-method-match -Wno-missing-braces -Wparentheses -Wswitch -Wunused-function -Wno-unused-label -Wno-unused-parameter -Wunused-variable -Wunused-value -Wempty-body -Wuninitialized -Wconditional-uninitialized -Wno-unknown-pragmas -Wno-shadow -Wno-four-char-constants -Wno-conversion -Wconstant-conversion -Wint-conversion -Wbool-conversion -Wenum-conversion -Wno-float-conversion -Wnon-literal-null-conversion -Wobjc-literal-conversion -Wshorten-64-to-32 -Wno-newline-eof -Wno-selector -Wno-strict-selector-match -Wundeclared-selector -Wdeprecated-implementations -Wno-c++11-extensions -Wno-implicit-fallthrough -fstrict-aliasing -Wprotocol -Wdeprecated-declarations -Winvalid-offsetof -Wno-sign-conversion -Winfinite-recursion -Wmove -Wcomma -Wblock-capture-autoreleasing -Wstrict-prototypes -Wrange-loop-analysis -Wno-semicolon-before-method-body -Wunguarded-availability -index-store-path /Users/cepl/Library/Developer/Xcode/DerivedData/MahaVistaar-fftejvycvpanihalgfoabwgqljvt/Index.noindex/DataStore @/Users/cepl/Library/Developer/Xcode/DerivedData/MahaVistaar-fftejvycvpanihalgfoabwgqljvt/Build/Intermediates.noindex/Pods.build/Debug-iphonesimulator/RNSVG.build/Objects-normal/arm64/af3fcb34312c57c0f52879cdce924b91-common-args.resp -DRCT_NEW_ARCH_ENABLED\=1 -include /Users/cepl/Documents/GWLProjects/MahaVistaar-app/ios/Pods/Target\ Support\ Files/RNSVG/RNSVG-prefix.pch -MMD -MT dependencies -MF /Users/cepl/Library/Developer/Xcode/DerivedData/MahaVistaar-fftejvycvpanihalgfoabwgqljvt/Build/Intermediates.noindex/Pods.build/Debug-iphonesimulator/RNSVG.build/Objects-normal/arm64/RNSVGUse.d --serialize-diagnostics /Users/cepl/Library/Developer/Xcode/DerivedData/MahaVistaar-fftejvycvpanihalgfoabwgqljvt/Build/Intermediates.noindex/Pods.build/Debug-iphonesimulator/RNSVG.build/Objects-normal/arm64/RNSVGUse.dia -c /Users/cepl/Documents/GWLProjects/MahaVistaar-app/node_modules/react-native-svg/apple/Elements/RNSVGUse.mm -o /Users/cepl/Library/Developer/Xcode/DerivedData/MahaVistaar-fftejvycvpanihalgfoabwgqljvt/Build/Intermediates.noindex/Pods.build/Debug-iphonesimulator/RNSVG.build/Objects-normal/arm64/RNSVGUse.o -index-unit-output-path /Pods.build/Debug-iphonesimulator/RNSVG.build/Objects-normal/arm64/RNSVGUse.o
error \=non-modular-include-in-framework-module -Wno-trigraphs -Wno-missing-field-initializers -Wno-missing-prototypes -Werror\=return-type -Wdocumentation -Wunreachable-code -Wno-implicit-atomic-properties -Werror\=deprecated-objc-isa-usage -Wno-objc-interface-ivars -Werror\=objc-root-class -Wno-arc-repeated-use-of-weak -Wimplicit-retain-self -Wno-non-virtual-dtor -Wno-overloaded-virtual -Wno-exit-time-destructors -Wduplicate-method-match -Wno-missing-braces -Wparentheses -Wswitch -Wunused-function -Wno-unused-label -Wno-unused-parameter -Wunused-variable -Wunused-value -Wempty-body -Wuninitialized -Wconditional-uninitialized -Wno-unknown-pragmas -Wno-shadow -Wno-four-char-constants -Wno-conversion -Wconstant-conversion -Wint-conversion -Wbool-conversion -Wenum-conversion -Wno-float-conversion -Wnon-literal-null-conversion -Wobjc-literal-conversion -Wshorten-64-to-32 -Wno-newline-eof -Wno-selector -Wno-strict-selector-match -Wundeclared-selector -Wdeprecated-implementations -Wno-c++11-extensions -Wno-implicit-fallthrough -fstrict-aliasing -Wprotocol -Wdeprecated-declarations -Winvalid-offsetof -Wno-sign-conversion -Winfinite-recursion -Wmove -Wcomma -Wblock-capture-autoreleasing -Wstrict-prototypes -Wrange-loop-analysis -Wno-semicolon-before-method-body -Wunguarded-availability -index-store-path /Users/cepl/Library/Developer/Xcode/DerivedData/MahaVistaar-fftejvycvpanihalgfoabwgqljvt/Index.noindex/DataStore @/Users/cepl/Library/Developer/Xcode/DerivedData/MahaVistaar-fftejvycvpanihalgfoabwgqljvt/Build/Intermediates.noindex/Pods.build/Debug-iphonesimulator/RNSVG.build/Objects-normal/arm64/af3fcb34312c57c0f52879cdce924b91-common-args.resp -DRCT_NEW_ARCH_ENABLED\=1 -include /Users/cepl/Documents/GWLProjects/MahaVistaar-app/ios/Pods/Target\ Support\ Files/RNSVG/RNSVG-prefix.pch -MMD -MT dependencies -MF /Users/cepl/Library/Developer/Xcode/DerivedData/MahaVistaar-fftejvycvpanihalgfoabwgqljvt/Build/Intermediates.noindex/Pods.build/Debug-iphonesimulator/RNSVG.build/Objects-normal/arm64/RNSVGTextPath.d --serialize-diagnostics /Users/cepl/Library/Developer/Xcode/DerivedData/MahaVistaar-fftejvycvpanihalgfoabwgqljvt/Build/Intermediates.noindex/Pods.build/Debug-iphonesimulator/RNSVG.build/Objects-normal/arm64/RNSVGTextPath.dia -c /Users/cepl/Documents/GWLProjects/MahaVistaar-app/node_modules/react-native-svg/apple/Text/RNSVGTextPath.mm -o /Users/cepl/Library/Developer/Xcode/DerivedData/MahaVistaar-fftejvycvpanihalgfoabwgqljvt/Build/Intermediates.noindex/Pods.build/Debug-iphonesimulator/RNSVG.build/Objects-normal/arm64/RNSVGTextPath.o -index-unit-output-path /Pods.build/Debug-iphonesimulator/RNSVG.build/Objects-normal/arm64/RNSVGTextPath.o
error \=non-modular-include-in-framework-module -Wno-trigraphs -Wno-missing-field-initializers -Wno-missing-prototypes -Werror\=return-type -Wdocumentation -Wunreachable-code -Wno-implicit-atomic-properties -Werror\=deprecated-objc-isa-usage -Wno-objc-interface-ivars -Werror\=objc-root-class -Wno-arc-repeated-use-of-weak -Wimplicit-retain-self -Wno-non-virtual-dtor -Wno-overloaded-virtual -Wno-exit-time-destructors -Wduplicate-method-match -Wno-missing-braces -Wparentheses -Wswitch -Wunused-function -Wno-unused-label -Wno-unused-parameter -Wunused-variable -Wunused-value -Wempty-body -Wuninitialized -Wconditional-uninitialized -Wno-unknown-pragmas -Wno-shadow -Wno-four-char-constants -Wno-conversion -Wconstant-conversion -Wint-conversion -Wbool-conversion -Wenum-conversion -Wno-float-conversion -Wnon-literal-null-conversion -Wobjc-literal-conversion -Wshorten-64-to-32 -Wno-newline-eof -Wno-selector -Wno-strict-selector-match -Wundeclared-selector -Wdeprecated-implementations -Wno-c++11-extensions -Wno-implicit-fallthrough -fstrict-aliasing -Wprotocol -Wdeprecated-declarations -Winvalid-offsetof -Wno-sign-conversion -Winfinite-recursion -Wmove -Wcomma -Wblock-capture-autoreleasing -Wstrict-prototypes -Wrange-loop-analysis -Wno-semicolon-before-method-body -Wunguarded-availability -index-store-path /Users/cepl/Library/Developer/Xcode/DerivedData/MahaVistaar-fftejvycvpanihalgfoabwgqljvt/Index.noindex/DataStore @/Users/cepl/Library/Developer/Xcode/DerivedData/MahaVistaar-fftejvycvpanihalgfoabwgqljvt/Build/Intermediates.noindex/Pods.build/Debug-iphonesimulator/RNSVG.build/Objects-normal/arm64/af3fcb34312c57c0f52879cdce924b91-common-args.resp -DRCT_NEW_ARCH_ENABLED\=1 -include /Users/cepl/Documents/GWLProjects/MahaVistaar-app/ios/Pods/Target\ Support\ Files/RNSVG/RNSVG-prefix.pch -MMD -MT dependencies -MF /Users/cepl/Library/Developer/Xcode/DerivedData/MahaVistaar-fftejvycvpanihalgfoabwgqljvt/Build/Intermediates.noindex/Pods.build/Debug-iphonesimulator/RNSVG.build/Objects-normal/arm64/RNSVGText.d --serialize-diagnostics /Users/cepl/Library/Developer/Xcode/DerivedData/MahaVistaar-fftejvycvpanihalgfoabwgqljvt/Build/Intermediates.noindex/Pods.build/Debug-iphonesimulator/RNSVG.build/Objects-normal/arm64/RNSVGText.dia -c /Users/cepl/Documents/GWLProjects/MahaVistaar-app/node_modules/react-native-svg/apple/Text/RNSVGText.mm -o /Users/cepl/Library/Developer/Xcode/DerivedData/MahaVistaar-fftejvycvpanihalgfoabwgqljvt/Build/Intermediates.noindex/Pods.build/Debug-iphonesimulator/RNSVG.build/Objects-normal/arm64/RNSVGText.o -index-unit-output-path /Pods.build/Debug-iphonesimulator/RNSVG.build/Objects-normal/arm64/RNSVGText.o
error \=non-modular-include-in-framework-module -Wno-trigraphs -Wno-missing-field-initializers -Wno-missing-prototypes -Werror\=return-type -Wdocumentation -Wunreachable-code -Wno-implicit-atomic-properties -Werror\=deprecated-objc-isa-usage -Wno-objc-interface-ivars -Werror\=objc-root-class -Wno-arc-repeated-use-of-weak -Wimplicit-retain-self -Wno-non-virtual-dtor -Wno-overloaded-virtual -Wno-exit-time-destructors -Wduplicate-method-match -Wno-missing-braces -Wparentheses -Wswitch -Wunused-function -Wno-unused-label -Wno-unused-parameter -Wunused-variable -Wunused-value -Wempty-body -Wuninitialized -Wconditional-uninitialized -Wno-unknown-pragmas -Wno-shadow -Wno-four-char-constants -Wno-conversion -Wconstant-conversion -Wint-conversion -Wbool-conversion -Wenum-conversion -Wno-float-conversion -Wnon-literal-null-conversion -Wobjc-literal-conversion -Wshorten-64-to-32 -Wno-newline-eof -Wno-selector -Wno-strict-selector-match -Wundeclared-selector -Wdeprecated-implementations -Wno-c++11-extensions -Wno-implicit-fallthrough -fstrict-aliasing -Wprotocol -Wdeprecated-declarations -Winvalid-offsetof -Wno-sign-conversion -Winfinite-recursion -Wmove -Wcomma -Wblock-capture-autoreleasing -Wstrict-prototypes -Wrange-loop-analysis -Wno-semicolon-before-method-body -Wunguarded-availability -index-store-path /Users/cepl/Library/Developer/Xcode/DerivedData/MahaVistaar-fftejvycvpanihalgfoabwgqljvt/Index.noindex/DataStore @/Users/cepl/Library/Developer/Xcode/DerivedData/MahaVistaar-fftejvycvpanihalgfoabwgqljvt/Build/Intermediates.noindex/Pods.build/Debug-iphonesimulator/RNSVG.build/Objects-normal/arm64/af3fcb34312c57c0f52879cdce924b91-common-args.resp -DRCT_NEW_ARCH_ENABLED\=1 -include /Users/cepl/Documents/GWLProjects/MahaVistaar-app/ios/Pods/Target\ Support\ Files/RNSVG/RNSVG-prefix.pch -MMD -MT dependencies -MF /Users/cepl/Library/Developer/Xcode/DerivedData/MahaVistaar-fftejvycvpanihalgfoabwgqljvt/Build/Intermediates.noindex/Pods.build/Debug-iphonesimulator/RNSVG.build/Objects-normal/arm64/RNSVGTSpan.d --serialize-diagnostics /Users/cepl/Library/Developer/Xcode/DerivedData/MahaVistaar-fftejvycvpanihalgfoabwgqljvt/Build/Intermediates.noindex/Pods.build/Debug-iphonesimulator/RNSVG.build/Objects-normal/arm64/RNSVGTSpan.dia -c /Users/cepl/Documents/GWLProjects/MahaVistaar-app/node_modules/react-native-svg/apple/Text/RNSVGTSpan.mm -o /Users/cepl/Library/Developer/Xcode/DerivedData/MahaVistaar-fftejvycvpanihalgfoabwgqljvt/Build/Intermediates.noindex/Pods.build/Debug-iphonesimulator/RNSVG.build/Objects-normal/arm64/RNSVGTSpan.o -index-unit-output-path /Pods.build/Debug-iphonesimulator/RNSVG.build/Objects-normal/arm64/RNSVGTSpan.o
error \=non-modular-include-in-framework-module -Wno-trigraphs -Wno-missing-field-initializers -Wno-missing-prototypes -Werror\=return-type -Wdocumentation -Wunreachable-code -Wno-implicit-atomic-properties -Werror\=deprecated-objc-isa-usage -Wno-objc-interface-ivars -Werror\=objc-root-class -Wno-arc-repeated-use-of-weak -Wimplicit-retain-self -Wno-non-virtual-dtor -Wno-overloaded-virtual -Wno-exit-time-destructors -Wduplicate-method-match -Wno-missing-braces -Wparentheses -Wswitch -Wunused-function -Wno-unused-label -Wno-unused-parameter -Wunused-variable -Wunused-value -Wempty-body -Wuninitialized -Wconditional-uninitialized -Wno-unknown-pragmas -Wno-shadow -Wno-four-char-constants -Wno-conversion -Wconstant-conversion -Wint-conversion -Wbool-conversion -Wenum-conversion -Wno-float-conversion -Wnon-literal-null-conversion -Wobjc-literal-conversion -Wshorten-64-to-32 -Wno-newline-eof -Wno-selector -Wno-strict-selector-match -Wundeclared-selector -Wdeprecated-implementations -Wno-c++11-extensions -Wno-implicit-fallthrough -fstrict-aliasing -Wprotocol -Wdeprecated-declarations -Winvalid-offsetof -Wno-sign-conversion -Winfinite-recursion -Wmove -Wcomma -Wblock-capture-autoreleasing -Wstrict-prototypes -Wrange-loop-analysis -Wno-semicolon-before-method-body -Wunguarded-availability -index-store-path /Users/cepl/Library/Developer/Xcode/DerivedData/MahaVistaar-fftejvycvpanihalgfoabwgqljvt/Index.noindex/DataStore @/Users/cepl/Library/Developer/Xcode/DerivedData/MahaVistaar-fftejvycvpanihalgfoabwgqljvt/Build/Intermediates.noindex/Pods.build/Debug-iphonesimulator/RNSVG.build/Objects-normal/arm64/af3fcb34312c57c0f52879cdce924b91-common-args.resp -DRCT_NEW_ARCH_ENABLED\=1 -include /Users/cepl/Documents/GWLProjects/MahaVistaar-app/ios/Pods/Target\ Support\ Files/RNSVG/RNSVG-prefix.pch -MMD -MT dependencies -MF /Users/cepl/Library/Developer/Xcode/DerivedData/MahaVistaar-fftejvycvpanihalgfoabwgqljvt/Build/Intermediates.noindex/Pods.build/Debug-iphonesimulator/RNSVG.build/Objects-normal/arm64/RNSVGSymbol.d --serialize-diagnostics /Users/cepl/Library/Developer/Xcode/DerivedData/MahaVistaar-fftejvycvpanihalgfoabwgqljvt/Build/Intermediates.noindex/Pods.build/Debug-iphonesimulator/RNSVG.build/Objects-normal/arm64/RNSVGSymbol.dia -c /Users/cepl/Documents/GWLProjects/MahaVistaar-app/node_modules/react-native-svg/apple/Elements/RNSVGSymbol.mm -o /Users/cepl/Library/Developer/Xcode/DerivedData/MahaVistaar-fftejvycvpanihalgfoabwgqljvt/Build/Intermediates.noindex/Pods.build/Debug-iphonesimulator/RNSVG.build/Objects-normal/arm64/RNSVGSymbol.o -index-unit-output-path /Pods.build/Debug-iphonesimulator/RNSVG.build/Objects-normal/arm64/RNSVGSymbol.o
error \=non-modular-include-in-framework-module -Wno-trigraphs -Wno-missing-field-initializers -Wno-missing-prototypes -Werror\=return-type -Wdocumentation -Wunreachable-code -Wno-implicit-atomic-properties -Werror\=deprecated-objc-isa-usage -Wno-objc-interface-ivars -Werror\=objc-root-class -Wno-arc-repeated-use-of-weak -Wimplicit-retain-self -Wno-non-virtual-dtor -Wno-overloaded-virtual -Wno-exit-time-destructors -Wduplicate-method-match -Wno-missing-braces -Wparentheses -Wswitch -Wunused-function -Wno-unused-label -Wno-unused-parameter -Wunused-variable -Wunused-value -Wempty-body -Wuninitialized -Wconditional-uninitialized -Wno-unknown-pragmas -Wno-shadow -Wno-four-char-constants -Wno-conversion -Wconstant-conversion -Wint-conversion -Wbool-conversion -Wenum-conversion -Wno-float-conversion -Wnon-literal-null-conversion -Wobjc-literal-conversion -Wshorten-64-to-32 -Wno-newline-eof -Wno-selector -Wno-strict-selector-match -Wundeclared-selector -Wdeprecated-implementations -Wno-c++11-extensions -Wno-implicit-fallthrough -fstrict-aliasing -Wprotocol -Wdeprecated-declarations -Winvalid-offsetof -Wno-sign-conversion -Winfinite-recursion -Wmove -Wcomma -Wblock-capture-autoreleasing -Wstrict-prototypes -Wrange-loop-analysis -Wno-semicolon-before-method-body -Wunguarded-availability -index-store-path /Users/cepl/Library/Developer/Xcode/DerivedData/MahaVistaar-fftejvycvpanihalgfoabwgqljvt/Index.noindex/DataStore @/Users/cepl/Library/Developer/Xcode/DerivedData/MahaVistaar-fftejvycvpanihalgfoabwgqljvt/Build/Intermediates.noindex/Pods.build/Debug-iphonesimulator/RNSVG.build/Objects-normal/arm64/af3fcb34312c57c0f52879cdce924b91-common-args.resp -DRCT_NEW_ARCH_ENABLED\=1 -include /Users/cepl/Documents/GWLProjects/MahaVistaar-app/ios/Pods/Target\ Support\ Files/RNSVG/RNSVG-prefix.pch -MMD -MT dependencies -MF /Users/cepl/Library/Developer/Xcode/DerivedData/MahaVistaar-fftejvycvpanihalgfoabwgqljvt/Build/Intermediates.noindex/Pods.build/Debug-iphonesimulator/RNSVG.build/Objects-normal/arm64/RNSVGSvgViewModule.d --serialize-diagnostics /Users/cepl/Library/Developer/Xcode/DerivedData/MahaVistaar-fftejvycvpanihalgfoabwgqljvt/Build/Intermediates.noindex/Pods.build/Debug-iphonesimulator/RNSVG.build/Objects-normal/arm64/RNSVGSvgViewModule.dia -c /Users/cepl/Documents/GWLProjects/MahaVistaar-app/node_modules/react-native-svg/apple/RNSVGSvgViewModule.mm -o /Users/cepl/Library/Developer/Xcode/DerivedData/MahaVistaar-fftejvycvpanihalgfoabwgqljvt/Build/Intermediates.noindex/Pods.build/Debug-iphonesimulator/RNSVG.build/Objects-normal/arm64/RNSVGSvgViewModule.o -index-unit-output-path /Pods.build/Debug-iphonesimulator/RNSVG.build/Objects-normal/arm64/RNSVGSvgViewModule.o
error \=non-modular-include-in-framework-module -Wno-trigraphs -Wno-missing-field-initializers -Wno-missing-prototypes -Werror\=return-type -Wdocumentation -Wunreachable-code -Wno-implicit-atomic-properties -Werror\=deprecated-objc-isa-usage -Wno-objc-interface-ivars -Werror\=objc-root-class -Wno-arc-repeated-use-of-weak -Wimplicit-retain-self -Wno-non-virtual-dtor -Wno-overloaded-virtual -Wno-exit-time-destructors -Wduplicate-method-match -Wno-missing-braces -Wparentheses -Wswitch -Wunused-function -Wno-unused-label -Wno-unused-parameter -Wunused-variable -Wunused-value -Wempty-body -Wuninitialized -Wconditional-uninitialized -Wno-unknown-pragmas -Wno-shadow -Wno-four-char-constants -Wno-conversion -Wconstant-conversion -Wint-conversion -Wbool-conversion -Wenum-conversion -Wno-float-conversion -Wnon-literal-null-conversion -Wobjc-literal-conversion -Wshorten-64-to-32 -Wno-newline-eof -Wno-selector -Wno-strict-selector-match -Wundeclared-selector -Wdeprecated-implementations -Wno-c++11-extensions -Wno-implicit-fallthrough -fstrict-aliasing -Wprotocol -Wdeprecated-declarations -Winvalid-offsetof -Wno-sign-conversion -Winfinite-recursion -Wmove -Wcomma -Wblock-capture-autoreleasing -Wstrict-prototypes -Wrange-loop-analysis -Wno-semicolon-before-method-body -Wunguarded-availability -index-store-path /Users/cepl/Library/Developer/Xcode/DerivedData/MahaVistaar-fftejvycvpanihalgfoabwgqljvt/Index.noindex/DataStore @/Users/cepl/Library/Developer/Xcode/DerivedData/MahaVistaar-fftejvycvpanihalgfoabwgqljvt/Build/Intermediates.noindex/Pods.build/Debug-iphonesimulator/RNSVG.build/Objects-normal/arm64/af3fcb34312c57c0f52879cdce924b91-common-args.resp -DRCT_NEW_ARCH_ENABLED\=1 -include /Users/cepl/Documents/GWLProjects/MahaVistaar-app/ios/Pods/Target\ Support\ Files/RNSVG/RNSVG-prefix.pch -MMD -MT dependencies -MF /Users/cepl/Library/Developer/Xcode/DerivedData/MahaVistaar-fftejvycvpanihalgfoabwgqljvt/Build/Intermediates.noindex/Pods.build/Debug-iphonesimulator/RNSVG.build/Objects-normal/arm64/RNSVGSvgView.d --serialize-diagnostics /Users/cepl/Library/Developer/Xcode/DerivedData/MahaVistaar-fftejvycvpanihalgfoabwgqljvt/Build/Intermediates.noindex/Pods.build/Debug-iphonesimulator/RNSVG.build/Objects-normal/arm64/RNSVGSvgView.dia -c /Users/cepl/Documents/GWLProjects/MahaVistaar-app/node_modules/react-native-svg/apple/Elements/RNSVGSvgView.mm -o /Users/cepl/Library/Developer/Xcode/DerivedData/MahaVistaar-fftejvycvpanihalgfoabwgqljvt/Build/Intermediates.noindex/Pods.build/Debug-iphonesimulator/RNSVG.build/Objects-normal/arm64/RNSVGSvgView.o -index-unit-output-path /Pods.build/Debug-iphonesimulator/RNSVG.build/Objects-normal/arm64/RNSVGSvgView.o
error \=non-modular-include-in-framework-module -Wno-trigraphs -Wno-missing-field-initializers -Wno-missing-prototypes -Werror\=return-type -Wdocumentation -Wunreachable-code -Werror\=deprecated-objc-isa-usage -Werror\=objc-root-class -Wno-non-virtual-dtor -Wno-overloaded-virtual -Wno-exit-time-destructors -Wno-missing-braces -Wparentheses -Wswitch -Wunused-function -Wno-unused-label -Wno-unused-parameter -Wunused-variable -Wunused-value -Wempty-body -Wuninitialized -Wconditional-uninitialized -Wno-unknown-pragmas -Wno-shadow -Wno-four-char-constants -Wno-conversion -Wconstant-conversion -Wint-conversion -Wbool-conversion -Wenum-conversion -Wno-float-conversion -Wnon-literal-null-conversion -Wobjc-literal-conversion -Wshorten-64-to-32 -Wno-newline-eof -Wno-c++11-extensions -Wno-implicit-fallthrough -fstrict-aliasing -Wdeprecated-declarations -Winvalid-offsetof -Wno-sign-conversion -Winfinite-recursion -Wmove -Wcomma -Wblock-capture-autoreleasing -Wstrict-prototypes -Wrange-loop-analysis -Wno-semicolon-before-method-body -Wunguarded-availability -index-store-path /Users/cepl/Library/Developer/Xcode/DerivedData/MahaVistaar-fftejvycvpanihalgfoabwgqljvt/Index.noindex/DataStore @/Users/cepl/Library/Developer/Xcode/DerivedData/MahaVistaar-fftejvycvpanihalgfoabwgqljvt/Build/Intermediates.noindex/Pods.build/Debug-iphonesimulator/RNSVG.build/Objects-normal/arm64/82b82416624d2658e5098eb0a28c15c5-common-args.resp -DRCT_NEW_ARCH_ENABLED\=1 -include /Users/cepl/Documents/GWLProjects/MahaVistaar-app/ios/Pods/Target\ Support\ Files/RNSVG/RNSVG-prefix.pch -MMD -MT dependencies -MF /Users/cepl/Library/Developer/Xcode/DerivedData/MahaVistaar-fftejvycvpanihalgfoabwgqljvt/Build/Intermediates.noindex/Pods.build/Debug-iphonesimulator/RNSVG.build/Objects-normal/arm64/RNSVGShadowNodes.d --serialize-diagnostics /Users/cepl/Library/Developer/Xcode/DerivedData/MahaVistaar-fftejvycvpanihalgfoabwgqljvt/Build/Intermediates.noindex/Pods.build/Debug-iphonesimulator/RNSVG.build/Objects-normal/arm64/RNSVGShadowNodes.dia -c /Users/cepl/Documents/GWLProjects/MahaVistaar-app/node_modules/react-native-svg/common/cpp/react/renderer/components/rnsvg/RNSVGShadowNodes.cpp -o /Users/cepl/Library/Developer/Xcode/DerivedData/MahaVistaar-fftejvycvpanihalgfoabwgqljvt/Build/Intermediates.noindex/Pods.build/Debug-iphonesimulator/RNSVG.build/Objects-normal/arm64/RNSVGShadowNodes.o -index-unit-output-path /Pods.build/Debug-iphonesimulator/RNSVG.build/Objects-normal/arm64/RNSVGShadowNodes.o
error \=non-modular-include-in-framework-module -Wno-trigraphs -Wno-missing-field-initializers -Wno-missing-prototypes -Werror\=return-type -Wdocumentation -Wunreachable-code -Wno-implicit-atomic-properties -Werror\=deprecated-objc-isa-usage -Wno-objc-interface-ivars -Werror\=objc-root-class -Wno-arc-repeated-use-of-weak -Wimplicit-retain-self -Wno-non-virtual-dtor -Wno-overloaded-virtual -Wno-exit-time-destructors -Wduplicate-method-match -Wno-missing-braces -Wparentheses -Wswitch -Wunused-function -Wno-unused-label -Wno-unused-parameter -Wunused-variable -Wunused-value -Wempty-body -Wuninitialized -Wconditional-uninitialized -Wno-unknown-pragmas -Wno-shadow -Wno-four-char-constants -Wno-conversion -Wconstant-conversion -Wint-conversion -Wbool-conversion -Wenum-conversion -Wno-float-conversion -Wnon-literal-null-conversion -Wobjc-literal-conversion -Wshorten-64-to-32 -Wno-newline-eof -Wno-selector -Wno-strict-selector-match -Wundeclared-selector -Wdeprecated-implementations -Wno-c++11-extensions -Wno-implicit-fallthrough -fstrict-aliasing -Wprotocol -Wdeprecated-declarations -Winvalid-offsetof -Wno-sign-conversion -Winfinite-recursion -Wmove -Wcomma -Wblock-capture-autoreleasing -Wstrict-prototypes -Wrange-loop-analysis -Wno-semicolon-before-method-body -Wunguarded-availability -index-store-path /Users/cepl/Library/Developer/Xcode/DerivedData/MahaVistaar-fftejvycvpanihalgfoabwgqljvt/Index.noindex/DataStore @/Users/cepl/Library/Developer/Xcode/DerivedData/MahaVistaar-fftejvycvpanihalgfoabwgqljvt/Build/Intermediates.noindex/Pods.build/Debug-iphonesimulator/RNSVG.build/Objects-normal/arm64/af3fcb34312c57c0f52879cdce924b91-common-args.resp -DRCT_NEW_ARCH_ENABLED\=1 -include /Users/cepl/Documents/GWLProjects/MahaVistaar-app/ios/Pods/Target\ Support\ Files/RNSVG/RNSVG-prefix.pch -MMD -MT dependencies -MF /Users/cepl/Library/Developer/Xcode/DerivedData/MahaVistaar-fftejvycvpanihalgfoabwgqljvt/Build/Intermediates.noindex/Pods.build/Debug-iphonesimulator/RNSVG.build/Objects-normal/arm64/RNSVGRenderableModule.d --serialize-diagnostics /Users/cepl/Library/Developer/Xcode/DerivedData/MahaVistaar-fftejvycvpanihalgfoabwgqljvt/Build/Intermediates.noindex/Pods.build/Debug-iphonesimulator/RNSVG.build/Objects-normal/arm64/RNSVGRenderableModule.dia -c /Users/cepl/Documents/GWLProjects/MahaVistaar-app/node_modules/react-native-svg/apple/RNSVGRenderableModule.mm -o /Users/cepl/Library/Developer/Xcode/DerivedData/MahaVistaar-fftejvycvpanihalgfoabwgqljvt/Build/Intermediates.noindex/Pods.build/Debug-iphonesimulator/RNSVG.build/Objects-normal/arm64/RNSVGRenderableModule.o -index-unit-output-path /Pods.build/Debug-iphonesimulator/RNSVG.build/Objects-normal/arm64/RNSVGRenderableModule.o
error \=non-modular-include-in-framework-module -Wno-trigraphs -Wno-missing-field-initializers -Wno-missing-prototypes -Werror\=return-type -Wdocumentation -Wunreachable-code -Wno-implicit-atomic-properties -Werror\=deprecated-objc-isa-usage -Wno-objc-interface-ivars -Werror\=objc-root-class -Wno-arc-repeated-use-of-weak -Wimplicit-retain-self -Wno-non-virtual-dtor -Wno-overloaded-virtual -Wno-exit-time-destructors -Wduplicate-method-match -Wno-missing-braces -Wparentheses -Wswitch -Wunused-function -Wno-unused-label -Wno-unused-parameter -Wunused-variable -Wunused-value -Wempty-body -Wuninitialized -Wconditional-uninitialized -Wno-unknown-pragmas -Wno-shadow -Wno-four-char-constants -Wno-conversion -Wconstant-conversion -Wint-conversion -Wbool-conversion -Wenum-conversion -Wno-float-conversion -Wnon-literal-null-conversion -Wobjc-literal-conversion -Wshorten-64-to-32 -Wno-newline-eof -Wno-selector -Wno-strict-selector-match -Wundeclared-selector -Wdeprecated-implementations -Wno-c++11-extensions -Wno-implicit-fallthrough -fstrict-aliasing -Wprotocol -Wdeprecated-declarations -Winvalid-offsetof -Wno-sign-conversion -Winfinite-recursion -Wmove -Wcomma -Wblock-capture-autoreleasing -Wstrict-prototypes -Wrange-loop-analysis -Wno-semicolon-before-method-body -Wunguarded-availability -index-store-path /Users/cepl/Library/Developer/Xcode/DerivedData/MahaVistaar-fftejvycvpanihalgfoabwgqljvt/Index.noindex/DataStore @/Users/cepl/Library/Developer/Xcode/DerivedData/MahaVistaar-fftejvycvpanihalgfoabwgqljvt/Build/Intermediates.noindex/Pods.build/Debug-iphonesimulator/RNSVG.build/Objects-normal/arm64/af3fcb34312c57c0f52879cdce924b91-common-args.resp -DRCT_NEW_ARCH_ENABLED\=1 -include /Users/cepl/Documents/GWLProjects/MahaVistaar-app/ios/Pods/Target\ Support\ Files/RNSVG/RNSVG-prefix.pch -MMD -MT dependencies -MF /Users/cepl/Library/Developer/Xcode/DerivedData/MahaVistaar-fftejvycvpanihalgfoabwgqljvt/Build/Intermediates.noindex/Pods.build/Debug-iphonesimulator/RNSVG.build/Objects-normal/arm64/RNSVGRect.d --serialize-diagnostics /Users/cepl/Library/Developer/Xcode/DerivedData/MahaVistaar-fftejvycvpanihalgfoabwgqljvt/Build/Intermediates.noindex/Pods.build/Debug-iphonesimulator/RNSVG.build/Objects-normal/arm64/RNSVGRect.dia -c /Users/cepl/Documents/GWLProjects/MahaVistaar-app/node_modules/react-native-svg/apple/Shapes/RNSVGRect.mm -o /Users/cepl/Library/Developer/Xcode/DerivedData/MahaVistaar-fftejvycvpanihalgfoabwgqljvt/Build/Intermediates.noindex/Pods.build/Debug-iphonesimulator/RNSVG.build/Objects-normal/arm64/RNSVGRect.o -index-unit-output-path /Pods.build/Debug-iphonesimulator/RNSVG.build/Objects-normal/arm64/RNSVGRect.o
error \=non-modular-include-in-framework-module -Wno-trigraphs -Wno-missing-field-initializers -Wno-missing-prototypes -Werror\=return-type -Wdocumentation -Wunreachable-code -Wno-implicit-atomic-properties -Werror\=deprecated-objc-isa-usage -Wno-objc-interface-ivars -Werror\=objc-root-class -Wno-arc-repeated-use-of-weak -Wimplicit-retain-self -Wno-non-virtual-dtor -Wno-overloaded-virtual -Wno-exit-time-destructors -Wduplicate-method-match -Wno-missing-braces -Wparentheses -Wswitch -Wunused-function -Wno-unused-label -Wno-unused-parameter -Wunused-variable -Wunused-value -Wempty-body -Wuninitialized -Wconditional-uninitialized -Wno-unknown-pragmas -Wno-shadow -Wno-four-char-constants -Wno-conversion -Wconstant-conversion -Wint-conversion -Wbool-conversion -Wenum-conversion -Wno-float-conversion -Wnon-literal-null-conversion -Wobjc-literal-conversion -Wshorten-64-to-32 -Wno-newline-eof -Wno-selector -Wno-strict-selector-match -Wundeclared-selector -Wdeprecated-implementations -Wno-c++11-extensions -Wno-implicit-fallthrough -fstrict-aliasing -Wprotocol -Wdeprecated-declarations -Winvalid-offsetof -Wno-sign-conversion -Winfinite-recursion -Wmove -Wcomma -Wblock-capture-autoreleasing -Wstrict-prototypes -Wrange-loop-analysis -Wno-semicolon-before-method-body -Wunguarded-availability -index-store-path /Users/cepl/Library/Developer/Xcode/DerivedData/MahaVistaar-fftejvycvpanihalgfoabwgqljvt/Index.noindex/DataStore @/Users/cepl/Library/Developer/Xcode/DerivedData/MahaVistaar-fftejvycvpanihalgfoabwgqljvt/Build/Intermediates.noindex/Pods.build/Debug-iphonesimulator/RNSVG.build/Objects-normal/arm64/af3fcb34312c57c0f52879cdce924b91-common-args.resp -DRCT_NEW_ARCH_ENABLED\=1 -include /Users/cepl/Documents/GWLProjects/MahaVistaar-app/ios/Pods/Target\ Support\ Files/RNSVG/RNSVG-prefix.pch -MMD -MT dependencies -MF /Users/cepl/Library/Developer/Xcode/DerivedData/MahaVistaar-fftejvycvpanihalgfoabwgqljvt/Build/Intermediates.noindex/Pods.build/Debug-iphonesimulator/RNSVG.build/Objects-normal/arm64/RNSVGRadialGradient.d --serialize-diagnostics /Users/cepl/Library/Developer/Xcode/DerivedData/MahaVistaar-fftejvycvpanihalgfoabwgqljvt/Build/Intermediates.noindex/Pods.build/Debug-iphonesimulator/RNSVG.build/Objects-normal/arm64/RNSVGRadialGradient.dia -c /Users/cepl/Documents/GWLProjects/MahaVistaar-app/node_modules/react-native-svg/apple/Elements/RNSVGRadialGradient.mm -o /Users/cepl/Library/Developer/Xcode/DerivedData/MahaVistaar-fftejvycvpanihalgfoabwgqljvt/Build/Intermediates.noindex/Pods.build/Debug-iphonesimulator/RNSVG.build/Objects-normal/arm64/RNSVGRadialGradient.o -index-unit-output-path /Pods.build/Debug-iphonesimulator/RNSVG.build/Objects-normal/arm64/RNSVGRadialGradient.o
error \=non-modular-include-in-framework-module -Wno-trigraphs -Wno-missing-field-initializers -Wno-missing-prototypes -Werror\=return-type -Wdocumentation -Wunreachable-code -Wno-implicit-atomic-properties -Werror\=deprecated-objc-isa-usage -Wno-objc-interface-ivars -Werror\=objc-root-class -Wno-arc-repeated-use-of-weak -Wimplicit-retain-self -Wno-non-virtual-dtor -Wno-overloaded-virtual -Wno-exit-time-destructors -Wduplicate-method-match -Wno-missing-braces -Wparentheses -Wswitch -Wunused-function -Wno-unused-label -Wno-unused-parameter -Wunused-variable -Wunused-value -Wempty-body -Wuninitialized -Wconditional-uninitialized -Wno-unknown-pragmas -Wno-shadow -Wno-four-char-constants -Wno-conversion -Wconstant-conversion -Wint-conversion -Wbool-conversion -Wenum-conversion -Wno-float-conversion -Wnon-literal-null-conversion -Wobjc-literal-conversion -Wshorten-64-to-32 -Wno-newline-eof -Wno-selector -Wno-strict-selector-match -Wundeclared-selector -Wdeprecated-implementations -Wno-c++11-extensions -Wno-implicit-fallthrough -fstrict-aliasing -Wprotocol -Wdeprecated-declarations -Winvalid-offsetof -Wno-sign-conversion -Winfinite-recursion -Wmove -Wcomma -Wblock-capture-autoreleasing -Wstrict-prototypes -Wrange-loop-analysis -Wno-semicolon-before-method-body -Wunguarded-availability -index-store-path /Users/cepl/Library/Developer/Xcode/DerivedData/MahaVistaar-fftejvycvpanihalgfoabwgqljvt/Index.noindex/DataStore @/Users/cepl/Library/Developer/Xcode/DerivedData/MahaVistaar-fftejvycvpanihalgfoabwgqljvt/Build/Intermediates.noindex/Pods.build/Debug-iphonesimulator/RNSVG.build/Objects-normal/arm64/af3fcb34312c57c0f52879cdce924b91-common-args.resp -DRCT_NEW_ARCH_ENABLED\=1 -include /Users/cepl/Documents/GWLProjects/MahaVistaar-app/ios/Pods/Target\ Support\ Files/RNSVG/RNSVG-prefix.pch -MMD -MT dependencies -MF /Users/cepl/Library/Developer/Xcode/DerivedData/MahaVistaar-fftejvycvpanihalgfoabwgqljvt/Build/Intermediates.noindex/Pods.build/Debug-iphonesimulator/RNSVG.build/Objects-normal/arm64/RNSVGPattern.d --serialize-diagnostics /Users/cepl/Library/Developer/Xcode/DerivedData/MahaVistaar-fftejvycvpanihalgfoabwgqljvt/Build/Intermediates.noindex/Pods.build/Debug-iphonesimulator/RNSVG.build/Objects-normal/arm64/RNSVGPattern.dia -c /Users/cepl/Documents/GWLProjects/MahaVistaar-app/node_modules/react-native-svg/apple/Elements/RNSVGPattern.mm -o /Users/cepl/Library/Developer/Xcode/DerivedData/MahaVistaar-fftejvycvpanihalgfoabwgqljvt/Build/Intermediates.noindex/Pods.build/Debug-iphonesimulator/RNSVG.build/Objects-normal/arm64/RNSVGPattern.o -index-unit-output-path /Pods.build/Debug-iphonesimulator/RNSVG.build/Objects-normal/arm64/RNSVGPattern.o
error \=non-modular-include-in-framework-module -Wno-trigraphs -Wno-missing-field-initializers -Wno-missing-prototypes -Werror\=return-type -Wdocumentation -Wunreachable-code -Wno-implicit-atomic-properties -Werror\=deprecated-objc-isa-usage -Wno-objc-interface-ivars -Werror\=objc-root-class -Wno-arc-repeated-use-of-weak -Wimplicit-retain-self -Wno-non-virtual-dtor -Wno-overloaded-virtual -Wno-exit-time-destructors -Wduplicate-method-match -Wno-missing-braces -Wparentheses -Wswitch -Wunused-function -Wno-unused-label -Wno-unused-parameter -Wunused-variable -Wunused-value -Wempty-body -Wuninitialized -Wconditional-uninitialized -Wno-unknown-pragmas -Wno-shadow -Wno-four-char-constants -Wno-conversion -Wconstant-conversion -Wint-conversion -Wbool-conversion -Wenum-conversion -Wno-float-conversion -Wnon-literal-null-conversion -Wobjc-literal-conversion -Wshorten-64-to-32 -Wno-newline-eof -Wno-selector -Wno-strict-selector-match -Wundeclared-selector -Wdeprecated-implementations -Wno-c++11-extensions -Wno-implicit-fallthrough -fstrict-aliasing -Wprotocol -Wdeprecated-declarations -Winvalid-offsetof -Wno-sign-conversion -Winfinite-recursion -Wmove -Wcomma -Wblock-capture-autoreleasing -Wstrict-prototypes -Wrange-loop-analysis -Wno-semicolon-before-method-body -Wunguarded-availability -index-store-path /Users/cepl/Library/Developer/Xcode/DerivedData/MahaVistaar-fftejvycvpanihalgfoabwgqljvt/Index.noindex/DataStore @/Users/cepl/Library/Developer/Xcode/DerivedData/MahaVistaar-fftejvycvpanihalgfoabwgqljvt/Build/Intermediates.noindex/Pods.build/Debug-iphonesimulator/RNSVG.build/Objects-normal/arm64/af3fcb34312c57c0f52879cdce924b91-common-args.resp -DRCT_NEW_ARCH_ENABLED\=1 -include /Users/cepl/Documents/GWLProjects/MahaVistaar-app/ios/Pods/Target\ Support\ Files/RNSVG/RNSVG-prefix.pch -MMD -MT dependencies -MF /Users/cepl/Library/Developer/Xcode/DerivedData/MahaVistaar-fftejvycvpanihalgfoabwgqljvt/Build/Intermediates.noindex/Pods.build/Debug-iphonesimulator/RNSVG.build/Objects-normal/arm64/RNSVGPath.d --serialize-diagnostics /Users/cepl/Library/Developer/Xcode/DerivedData/MahaVistaar-fftejvycvpanihalgfoabwgqljvt/Build/Intermediates.noindex/Pods.build/Debug-iphonesimulator/RNSVG.build/Objects-normal/arm64/RNSVGPath.dia -c /Users/cepl/Documents/GWLProjects/MahaVistaar-app/node_modules/react-native-svg/apple/Elements/RNSVGPath.mm -o /Users/cepl/Library/Developer/Xcode/DerivedData/MahaVistaar-fftejvycvpanihalgfoabwgqljvt/Build/Intermediates.noindex/Pods.build/Debug-iphonesimulator/RNSVG.build/Objects-normal/arm64/RNSVGPath.o -index-unit-output-path /Pods.build/Debug-iphonesimulator/RNSVG.build/Objects-normal/arm64/RNSVGPath.o
error \=non-modular-include-in-framework-module -Wno-trigraphs -Wno-missing-field-initializers -Wno-missing-prototypes -Werror\=return-type -Wdocumentation -Wunreachable-code -Wno-implicit-atomic-properties -Werror\=deprecated-objc-isa-usage -Wno-objc-interface-ivars -Werror\=objc-root-class -Wno-arc-repeated-use-of-weak -Wimplicit-retain-self -Wno-non-virtual-dtor -Wno-overloaded-virtual -Wno-exit-time-destructors -Wduplicate-method-match -Wno-missing-braces -Wparentheses -Wswitch -Wunused-function -Wno-unused-label -Wno-unused-parameter -Wunused-variable -Wunused-value -Wempty-body -Wuninitialized -Wconditional-uninitialized -Wno-unknown-pragmas -Wno-shadow -Wno-four-char-constants -Wno-conversion -Wconstant-conversion -Wint-conversion -Wbool-conversion -Wenum-conversion -Wno-float-conversion -Wnon-literal-null-conversion -Wobjc-literal-conversion -Wshorten-64-to-32 -Wno-newline-eof -Wno-selector -Wno-strict-selector-match -Wundeclared-selector -Wdeprecated-implementations -Wno-c++11-extensions -Wno-implicit-fallthrough -fstrict-aliasing -Wprotocol -Wdeprecated-declarations -Winvalid-offsetof -Wno-sign-conversion -Winfinite-recursion -Wmove -Wcomma -Wblock-capture-autoreleasing -Wstrict-prototypes -Wrange-loop-analysis -Wno-semicolon-before-method-body -Wunguarded-availability -index-store-path /Users/cepl/Library/Developer/Xcode/DerivedData/MahaVistaar-fftejvycvpanihalgfoabwgqljvt/Index.noindex/DataStore @/Users/cepl/Library/Developer/Xcode/DerivedData/MahaVistaar-fftejvycvpanihalgfoabwgqljvt/Build/Intermediates.noindex/Pods.build/Debug-iphonesimulator/RNSVG.build/Objects-normal/arm64/af3fcb34312c57c0f52879cdce924b91-common-args.resp -DRCT_NEW_ARCH_ENABLED\=1 -include /Users/cepl/Documents/GWLProjects/MahaVistaar-app/ios/Pods/Target\ Support\ Files/RNSVG/RNSVG-prefix.pch -MMD -MT dependencies -MF /Users/cepl/Library/Developer/Xcode/DerivedData/MahaVistaar-fftejvycvpanihalgfoabwgqljvt/Build/Intermediates.noindex/Pods.build/Debug-iphonesimulator/RNSVG.build/Objects-normal/arm64/RNSVGNode.d --serialize-diagnostics /Users/cepl/Library/Developer/Xcode/DerivedData/MahaVistaar-fftejvycvpanihalgfoabwgqljvt/Build/Intermediates.noindex/Pods.build/Debug-iphonesimulator/RNSVG.build/Objects-normal/arm64/RNSVGNode.dia -c /Users/cepl/Documents/GWLProjects/MahaVistaar-app/node_modules/react-native-svg/apple/RNSVGNode.mm -o /Users/cepl/Library/Developer/Xcode/DerivedData/MahaVistaar-fftejvycvpanihalgfoabwgqljvt/Build/Intermediates.noindex/Pods.build/Debug-iphonesimulator/RNSVG.build/Objects-normal/arm64/RNSVGNode.o -index-unit-output-path /Pods.build/Debug-iphonesimulator/RNSVG.build/Objects-normal/arm64/RNSVGNode.o
error \=non-modular-include-in-framework-module -Wno-trigraphs -Wno-missing-field-initializers -Wno-missing-prototypes -Werror\=return-type -Wdocumentation -Wunreachable-code -Wno-implicit-atomic-properties -Werror\=deprecated-objc-isa-usage -Wno-objc-interface-ivars -Werror\=objc-root-class -Wno-arc-repeated-use-of-weak -Wimplicit-retain-self -Wno-non-virtual-dtor -Wno-overloaded-virtual -Wno-exit-time-destructors -Wduplicate-method-match -Wno-missing-braces -Wparentheses -Wswitch -Wunused-function -Wno-unused-label -Wno-unused-parameter -Wunused-variable -Wunused-value -Wempty-body -Wuninitialized -Wconditional-uninitialized -Wno-unknown-pragmas -Wno-shadow -Wno-four-char-constants -Wno-conversion -Wconstant-conversion -Wint-conversion -Wbool-conversion -Wenum-conversion -Wno-float-conversion -Wnon-literal-null-conversion -Wobjc-literal-conversion -Wshorten-64-to-32 -Wno-newline-eof -Wno-selector -Wno-strict-selector-match -Wundeclared-selector -Wdeprecated-implementations -Wno-c++11-extensions -Wno-implicit-fallthrough -fstrict-aliasing -Wprotocol -Wdeprecated-declarations -Winvalid-offsetof -Wno-sign-conversion -Winfinite-recursion -Wmove -Wcomma -Wblock-capture-autoreleasing -Wstrict-prototypes -Wrange-loop-analysis -Wno-semicolon-before-method-body -Wunguarded-availability -index-store-path /Users/cepl/Library/Developer/Xcode/DerivedData/MahaVistaar-fftejvycvpanihalgfoabwgqljvt/Index.noindex/DataStore @/Users/cepl/Library/Developer/Xcode/DerivedData/MahaVistaar-fftejvycvpanihalgfoabwgqljvt/Build/Intermediates.noindex/Pods.build/Debug-iphonesimulator/RNSVG.build/Objects-normal/arm64/af3fcb34312c57c0f52879cdce924b91-common-args.resp -DRCT_NEW_ARCH_ENABLED\=1 -include /Users/cepl/Documents/GWLProjects/MahaVistaar-app/ios/Pods/Target\ Support\ Files/RNSVG/RNSVG-prefix.pch -MMD -MT dependencies -MF /Users/cepl/Library/Developer/Xcode/DerivedData/MahaVistaar-fftejvycvpanihalgfoabwgqljvt/Build/Intermediates.noindex/Pods.build/Debug-iphonesimulator/RNSVG.build/Objects-normal/arm64/RNSVGMask.d --serialize-diagnostics /Users/cepl/Library/Developer/Xcode/DerivedData/MahaVistaar-fftejvycvpanihalgfoabwgqljvt/Build/Intermediates.noindex/Pods.build/Debug-iphonesimulator/RNSVG.build/Objects-normal/arm64/RNSVGMask.dia -c /Users/cepl/Documents/GWLProjects/MahaVistaar-app/node_modules/react-native-svg/apple/Elements/RNSVGMask.mm -o /Users/cepl/Library/Developer/Xcode/DerivedData/MahaVistaar-fftejvycvpanihalgfoabwgqljvt/Build/Intermediates.noindex/Pods.build/Debug-iphonesimulator/RNSVG.build/Objects-normal/arm64/RNSVGMask.o -index-unit-output-path /Pods.build/Debug-iphonesimulator/RNSVG.build/Objects-normal/arm64/RNSVGMask.o
error \=non-modular-include-in-framework-module -Wno-trigraphs -Wno-missing-field-initializers -Wno-missing-prototypes -Werror\=return-type -Wdocumentation -Wunreachable-code -Wno-implicit-atomic-properties -Werror\=deprecated-objc-isa-usage -Wno-objc-interface-ivars -Werror\=objc-root-class -Wno-arc-repeated-use-of-weak -Wimplicit-retain-self -Wno-non-virtual-dtor -Wno-overloaded-virtual -Wno-exit-time-destructors -Wduplicate-method-match -Wno-missing-braces -Wparentheses -Wswitch -Wunused-function -Wno-unused-label -Wno-unused-parameter -Wunused-variable -Wunused-value -Wempty-body -Wuninitialized -Wconditional-uninitialized -Wno-unknown-pragmas -Wno-shadow -Wno-four-char-constants -Wno-conversion -Wconstant-conversion -Wint-conversion -Wbool-conversion -Wenum-conversion -Wno-float-conversion -Wnon-literal-null-conversion -Wobjc-literal-conversion -Wshorten-64-to-32 -Wno-newline-eof -Wno-selector -Wno-strict-selector-match -Wundeclared-selector -Wdeprecated-implementations -Wno-c++11-extensions -Wno-implicit-fallthrough -fstrict-aliasing -Wprotocol -Wdeprecated-declarations -Winvalid-offsetof -Wno-sign-conversion -Winfinite-recursion -Wmove -Wcomma -Wblock-capture-autoreleasing -Wstrict-prototypes -Wrange-loop-analysis -Wno-semicolon-before-method-body -Wunguarded-availability -index-store-path /Users/cepl/Library/Developer/Xcode/DerivedData/MahaVistaar-fftejvycvpanihalgfoabwgqljvt/Index.noindex/DataStore @/Users/cepl/Library/Developer/Xcode/DerivedData/MahaVistaar-fftejvycvpanihalgfoabwgqljvt/Build/Intermediates.noindex/Pods.build/Debug-iphonesimulator/RNSVG.build/Objects-normal/arm64/af3fcb34312c57c0f52879cdce924b91-common-args.resp -DRCT_NEW_ARCH_ENABLED\=1 -include /Users/cepl/Documents/GWLProjects/MahaVistaar-app/ios/Pods/Target\ Support\ Files/RNSVG/RNSVG-prefix.pch -MMD -MT dependencies -MF /Users/cepl/Library/Developer/Xcode/DerivedData/MahaVistaar-fftejvycvpanihalgfoabwgqljvt/Build/Intermediates.noindex/Pods.build/Debug-iphonesimulator/RNSVG.build/Objects-normal/arm64/RNSVGMarker.d --serialize-diagnostics /Users/cepl/Library/Developer/Xcode/DerivedData/MahaVistaar-fftejvycvpanihalgfoabwgqljvt/Build/Intermediates.noindex/Pods.build/Debug-iphonesimulator/RNSVG.build/Objects-normal/arm64/RNSVGMarker.dia -c /Users/cepl/Documents/GWLProjects/MahaVistaar-app/node_modules/react-native-svg/apple/Elements/RNSVGMarker.mm -o /Users/cepl/Library/Developer/Xcode/DerivedData/MahaVistaar-fftejvycvpanihalgfoabwgqljvt/Build/Intermediates.noindex/Pods.build/Debug-iphonesimulator/RNSVG.build/Objects-normal/arm64/RNSVGMarker.o -index-unit-output-path /Pods.build/Debug-iphonesimulator/RNSVG.build/Objects-normal/arm64/RNSVGMarker.o
error \=non-modular-include-in-framework-module -Wno-trigraphs -Wno-missing-field-initializers -Wno-missing-prototypes -Werror\=return-type -Wdocumentation -Wunreachable-code -Wno-implicit-atomic-properties -Werror\=deprecated-objc-isa-usage -Wno-objc-interface-ivars -Werror\=objc-root-class -Wno-arc-repeated-use-of-weak -Wimplicit-retain-self -Wno-non-virtual-dtor -Wno-overloaded-virtual -Wno-exit-time-destructors -Wduplicate-method-match -Wno-missing-braces -Wparentheses -Wswitch -Wunused-function -Wno-unused-label -Wno-unused-parameter -Wunused-variable -Wunused-value -Wempty-body -Wuninitialized -Wconditional-uninitialized -Wno-unknown-pragmas -Wno-shadow -Wno-four-char-constants -Wno-conversion -Wconstant-conversion -Wint-conversion -Wbool-conversion -Wenum-conversion -Wno-float-conversion -Wnon-literal-null-conversion -Wobjc-literal-conversion -Wshorten-64-to-32 -Wno-newline-eof -Wno-selector -Wno-strict-selector-match -Wundeclared-selector -Wdeprecated-implementations -Wno-c++11-extensions -Wno-implicit-fallthrough -fstrict-aliasing -Wprotocol -Wdeprecated-declarations -Winvalid-offsetof -Wno-sign-conversion -Winfinite-recursion -Wmove -Wcomma -Wblock-capture-autoreleasing -Wstrict-prototypes -Wrange-loop-analysis -Wno-semicolon-before-method-body -Wunguarded-availability -index-store-path /Users/cepl/Library/Developer/Xcode/DerivedData/MahaVistaar-fftejvycvpanihalgfoabwgqljvt/Index.noindex/DataStore @/Users/cepl/Library/Developer/Xcode/DerivedData/MahaVistaar-fftejvycvpanihalgfoabwgqljvt/Build/Intermediates.noindex/Pods.build/Debug-iphonesimulator/RNSVG.build/Objects-normal/arm64/af3fcb34312c57c0f52879cdce924b91-common-args.resp -DRCT_NEW_ARCH_ENABLED\=1 -include /Users/cepl/Documents/GWLProjects/MahaVistaar-app/ios/Pods/Target\ Support\ Files/RNSVG/RNSVG-prefix.pch -MMD -MT dependencies -MF /Users/cepl/Library/Developer/Xcode/DerivedData/MahaVistaar-fftejvycvpanihalgfoabwgqljvt/Build/Intermediates.noindex/Pods.build/Debug-iphonesimulator/RNSVG.build/Objects-normal/arm64/RNSVGLinearGradient.d --serialize-diagnostics /Users/cepl/Library/Developer/Xcode/DerivedData/MahaVistaar-fftejvycvpanihalgfoabwgqljvt/Build/Intermediates.noindex/Pods.build/Debug-iphonesimulator/RNSVG.build/Objects-normal/arm64/RNSVGLinearGradient.dia -c /Users/cepl/Documents/GWLProjects/MahaVistaar-app/node_modules/react-native-svg/apple/Elements/RNSVGLinearGradient.mm -o /Users/cepl/Library/Developer/Xcode/DerivedData/MahaVistaar-fftejvycvpanihalgfoabwgqljvt/Build/Intermediates.noindex/Pods.build/Debug-iphonesimulator/RNSVG.build/Objects-normal/arm64/RNSVGLinearGradient.o -index-unit-output-path /Pods.build/Debug-iphonesimulator/RNSVG.build/Objects-normal/arm64/RNSVGLinearGradient.o
error \=non-modular-include-in-framework-module -Wno-trigraphs -Wno-missing-field-initializers -Wno-missing-prototypes -Werror\=return-type -Wdocumentation -Wunreachable-code -Wno-implicit-atomic-properties -Werror\=deprecated-objc-isa-usage -Wno-objc-interface-ivars -Werror\=objc-root-class -Wno-arc-repeated-use-of-weak -Wimplicit-retain-self -Wno-non-virtual-dtor -Wno-overloaded-virtual -Wno-exit-time-destructors -Wduplicate-method-match -Wno-missing-braces -Wparentheses -Wswitch -Wunused-function -Wno-unused-label -Wno-unused-parameter -Wunused-variable -Wunused-value -Wempty-body -Wuninitialized -Wconditional-uninitialized -Wno-unknown-pragmas -Wno-shadow -Wno-four-char-constants -Wno-conversion -Wconstant-conversion -Wint-conversion -Wbool-conversion -Wenum-conversion -Wno-float-conversion -Wnon-literal-null-conversion -Wobjc-literal-conversion -Wshorten-64-to-32 -Wno-newline-eof -Wno-selector -Wno-strict-selector-match -Wundeclared-selector -Wdeprecated-implementations -Wno-c++11-extensions -Wno-implicit-fallthrough -fstrict-aliasing -Wprotocol -Wdeprecated-declarations -Winvalid-offsetof -Wno-sign-conversion -Winfinite-recursion -Wmove -Wcomma -Wblock-capture-autoreleasing -Wstrict-prototypes -Wrange-loop-analysis -Wno-semicolon-before-method-body -Wunguarded-availability -index-store-path /Users/cepl/Library/Developer/Xcode/DerivedData/MahaVistaar-fftejvycvpanihalgfoabwgqljvt/Index.noindex/DataStore @/Users/cepl/Library/Developer/Xcode/DerivedData/MahaVistaar-fftejvycvpanihalgfoabwgqljvt/Build/Intermediates.noindex/Pods.build/Debug-iphonesimulator/RNSVG.build/Objects-normal/arm64/af3fcb34312c57c0f52879cdce924b91-common-args.resp -DRCT_NEW_ARCH_ENABLED\=1 -include /Users/cepl/Documents/GWLProjects/MahaVistaar-app/ios/Pods/Target\ Support\ Files/RNSVG/RNSVG-prefix.pch -MMD -MT dependencies -MF /Users/cepl/Library/Developer/Xcode/DerivedData/MahaVistaar-fftejvycvpanihalgfoabwgqljvt/Build/Intermediates.noindex/Pods.build/Debug-iphonesimulator/RNSVG.build/Objects-normal/arm64/RNSVGLine.d --serialize-diagnostics /Users/cepl/Library/Developer/Xcode/DerivedData/MahaVistaar-fftejvycvpanihalgfoabwgqljvt/Build/Intermediates.noindex/Pods.build/Debug-iphonesimulator/RNSVG.build/Objects-normal/arm64/RNSVGLine.dia -c /Users/cepl/Documents/GWLProjects/MahaVistaar-app/node_modules/react-native-svg/apple/Shapes/RNSVGLine.mm -o /Users/cepl/Library/Developer/Xcode/DerivedData/MahaVistaar-fftejvycvpanihalgfoabwgqljvt/Build/Intermediates.noindex/Pods.build/Debug-iphonesimulator/RNSVG.build/Objects-normal/arm64/RNSVGLine.o -index-unit-output-path /Pods.build/Debug-iphonesimulator/RNSVG.build/Objects-normal/arm64/RNSVGLine.o
error \=non-modular-include-in-framework-module -Wno-trigraphs -Wno-missing-field-initializers -Wno-missing-prototypes -Werror\=return-type -Wdocumentation -Wunreachable-code -Werror\=deprecated-objc-isa-usage -Werror\=objc-root-class -Wno-non-virtual-dtor -Wno-overloaded-virtual -Wno-exit-time-destructors -Wno-missing-braces -Wparentheses -Wswitch -Wunused-function -Wno-unused-label -Wno-unused-parameter -Wunused-variable -Wunused-value -Wempty-body -Wuninitialized -Wconditional-uninitialized -Wno-unknown-pragmas -Wno-shadow -Wno-four-char-constants -Wno-conversion -Wconstant-conversion -Wint-conversion -Wbool-conversion -Wenum-conversion -Wno-float-conversion -Wnon-literal-null-conversion -Wobjc-literal-conversion -Wshorten-64-to-32 -Wno-newline-eof -Wno-c++11-extensions -Wno-implicit-fallthrough -fstrict-aliasing -Wdeprecated-declarations -Winvalid-offsetof -Wno-sign-conversion -Winfinite-recursion -Wmove -Wcomma -Wblock-capture-autoreleasing -Wstrict-prototypes -Wrange-loop-analysis -Wno-semicolon-before-method-body -Wunguarded-availability -index-store-path /Users/cepl/Library/Developer/Xcode/DerivedData/MahaVistaar-fftejvycvpanihalgfoabwgqljvt/Index.noindex/DataStore @/Users/cepl/Library/Developer/Xcode/DerivedData/MahaVistaar-fftejvycvpanihalgfoabwgqljvt/Build/Intermediates.noindex/Pods.build/Debug-iphonesimulator/RNSVG.build/Objects-normal/arm64/82b82416624d2658e5098eb0a28c15c5-common-args.resp -DRCT_NEW_ARCH_ENABLED\=1 -include /Users/cepl/Documents/GWLProjects/MahaVistaar-app/ios/Pods/Target\ Support\ Files/RNSVG/RNSVG-prefix.pch -MMD -MT dependencies -MF /Users/cepl/Library/Developer/Xcode/DerivedData/MahaVistaar-fftejvycvpanihalgfoabwgqljvt/Build/Intermediates.noindex/Pods.build/Debug-iphonesimulator/RNSVG.build/Objects-normal/arm64/RNSVGImageShadowNode.d --serialize-diagnostics /Users/cepl/Library/Developer/Xcode/DerivedData/MahaVistaar-fftejvycvpanihalgfoabwgqljvt/Build/Intermediates.noindex/Pods.build/Debug-iphonesimulator/RNSVG.build/Objects-normal/arm64/RNSVGImageShadowNode.dia -c /Users/cepl/Documents/GWLProjects/MahaVistaar-app/node_modules/react-native-svg/common/cpp/react/renderer/components/rnsvg/RNSVGImageShadowNode.cpp -o /Users/cepl/Library/Developer/Xcode/DerivedData/MahaVistaar-fftejvycvpanihalgfoabwgqljvt/Build/Intermediates.noindex/Pods.build/Debug-iphonesimulator/RNSVG.build/Objects-normal/arm64/RNSVGImageShadowNode.o -index-unit-output-path /Pods.build/Debug-iphonesimulator/RNSVG.build/Objects-normal/arm64/RNSVGImageShadowNode.o
error \=non-modular-include-in-framework-module -Wno-trigraphs -Wno-missing-field-initializers -Wno-missing-prototypes -Werror\=return-type -Wdocumentation -Wunreachable-code -Wno-implicit-atomic-properties -Werror\=deprecated-objc-isa-usage -Wno-objc-interface-ivars -Werror\=objc-root-class -Wno-arc-repeated-use-of-weak -Wimplicit-retain-self -Wno-non-virtual-dtor -Wno-overloaded-virtual -Wno-exit-time-destructors -Wduplicate-method-match -Wno-missing-braces -Wparentheses -Wswitch -Wunused-function -Wno-unused-label -Wno-unused-parameter -Wunused-variable -Wunused-value -Wempty-body -Wuninitialized -Wconditional-uninitialized -Wno-unknown-pragmas -Wno-shadow -Wno-four-char-constants -Wno-conversion -Wconstant-conversion -Wint-conversion -Wbool-conversion -Wenum-conversion -Wno-float-conversion -Wnon-literal-null-conversion -Wobjc-literal-conversion -Wshorten-64-to-32 -Wno-newline-eof -Wno-selector -Wno-strict-selector-match -Wundeclared-selector -Wdeprecated-implementations -Wno-c++11-extensions -Wno-implicit-fallthrough -fstrict-aliasing -Wprotocol -Wdeprecated-declarations -Winvalid-offsetof -Wno-sign-conversion -Winfinite-recursion -Wmove -Wcomma -Wblock-capture-autoreleasing -Wstrict-prototypes -Wrange-loop-analysis -Wno-semicolon-before-method-body -Wunguarded-availability -index-store-path /Users/cepl/Library/Developer/Xcode/DerivedData/MahaVistaar-fftejvycvpanihalgfoabwgqljvt/Index.noindex/DataStore @/Users/cepl/Library/Developer/Xcode/DerivedData/MahaVistaar-fftejvycvpanihalgfoabwgqljvt/Build/Intermediates.noindex/Pods.build/Debug-iphonesimulator/RNSVG.build/Objects-normal/arm64/af3fcb34312c57c0f52879cdce924b91-common-args.resp -DRCT_NEW_ARCH_ENABLED\=1 -include /Users/cepl/Documents/GWLProjects/MahaVistaar-app/ios/Pods/Target\ Support\ Files/RNSVG/RNSVG-prefix.pch -MMD -MT dependencies -MF /Users/cepl/Library/Developer/Xcode/DerivedData/MahaVistaar-fftejvycvpanihalgfoabwgqljvt/Build/Intermediates.noindex/Pods.build/Debug-iphonesimulator/RNSVG.build/Objects-normal/arm64/RNSVGImage.d --serialize-diagnostics /Users/cepl/Library/Developer/Xcode/DerivedData/MahaVistaar-fftejvycvpanihalgfoabwgqljvt/Build/Intermediates.noindex/Pods.build/Debug-iphonesimulator/RNSVG.build/Objects-normal/arm64/RNSVGImage.dia -c /Users/cepl/Documents/GWLProjects/MahaVistaar-app/node_modules/react-native-svg/apple/Elements/RNSVGImage.mm -o /Users/cepl/Library/Developer/Xcode/DerivedData/MahaVistaar-fftejvycvpanihalgfoabwgqljvt/Build/Intermediates.noindex/Pods.build/Debug-iphonesimulator/RNSVG.build/Objects-normal/arm64/RNSVGImage.o -index-unit-output-path /Pods.build/Debug-iphonesimulator/RNSVG.build/Objects-normal/arm64/RNSVGImage.o
error \=non-modular-include-in-framework-module -Wno-trigraphs -Wno-missing-field-initializers -Wno-missing-prototypes -Werror\=return-type -Wdocumentation -Wunreachable-code -Wno-implicit-atomic-properties -Werror\=deprecated-objc-isa-usage -Wno-objc-interface-ivars -Werror\=objc-root-class -Wno-arc-repeated-use-of-weak -Wimplicit-retain-self -Wno-non-virtual-dtor -Wno-overloaded-virtual -Wno-exit-time-destructors -Wduplicate-method-match -Wno-missing-braces -Wparentheses -Wswitch -Wunused-function -Wno-unused-label -Wno-unused-parameter -Wunused-variable -Wunused-value -Wempty-body -Wuninitialized -Wconditional-uninitialized -Wno-unknown-pragmas -Wno-shadow -Wno-four-char-constants -Wno-conversion -Wconstant-conversion -Wint-conversion -Wbool-conversion -Wenum-conversion -Wno-float-conversion -Wnon-literal-null-conversion -Wobjc-literal-conversion -Wshorten-64-to-32 -Wno-newline-eof -Wno-selector -Wno-strict-selector-match -Wundeclared-selector -Wdeprecated-implementations -Wno-c++11-extensions -Wno-implicit-fallthrough -fstrict-aliasing -Wprotocol -Wdeprecated-declarations -Winvalid-offsetof -Wno-sign-conversion -Winfinite-recursion -Wmove -Wcomma -Wblock-capture-autoreleasing -Wstrict-prototypes -Wrange-loop-analysis -Wno-semicolon-before-method-body -Wunguarded-availability -index-store-path /Users/cepl/Library/Developer/Xcode/DerivedData/MahaVistaar-fftejvycvpanihalgfoabwgqljvt/Index.noindex/DataStore @/Users/cepl/Library/Developer/Xcode/DerivedData/MahaVistaar-fftejvycvpanihalgfoabwgqljvt/Build/Intermediates.noindex/Pods.build/Debug-iphonesimulator/RNSVG.build/Objects-normal/arm64/af3fcb34312c57c0f52879cdce924b91-common-args.resp -DRCT_NEW_ARCH_ENABLED\=1 -include /Users/cepl/Documents/GWLProjects/MahaVistaar-app/ios/Pods/Target\ Support\ Files/RNSVG/RNSVG-prefix.pch -MMD -MT dependencies -MF /Users/cepl/Library/Developer/Xcode/DerivedData/MahaVistaar-fftejvycvpanihalgfoabwgqljvt/Build/Intermediates.noindex/Pods.build/Debug-iphonesimulator/RNSVG.build/Objects-normal/arm64/RNSVGGroup.d --serialize-diagnostics /Users/cepl/Library/Developer/Xcode/DerivedData/MahaVistaar-fftejvycvpanihalgfoabwgqljvt/Build/Intermediates.noindex/Pods.build/Debug-iphonesimulator/RNSVG.build/Objects-normal/arm64/RNSVGGroup.dia -c /Users/cepl/Documents/GWLProjects/MahaVistaar-app/node_modules/react-native-svg/apple/Elements/RNSVGGroup.mm -o /Users/cepl/Library/Developer/Xcode/DerivedData/MahaVistaar-fftejvycvpanihalgfoabwgqljvt/Build/Intermediates.noindex/Pods.build/Debug-iphonesimulator/RNSVG.build/Objects-normal/arm64/RNSVGGroup.o -index-unit-output-path /Pods.build/Debug-iphonesimulator/RNSVG.build/Objects-normal/arm64/RNSVGGroup.o
error \=non-modular-include-in-framework-module -Wno-trigraphs -Wno-missing-field-initializers -Wno-missing-prototypes -Werror\=return-type -Wdocumentation -Wunreachable-code -Wno-implicit-atomic-properties -Werror\=deprecated-objc-isa-usage -Wno-objc-interface-ivars -Werror\=objc-root-class -Wno-arc-repeated-use-of-weak -Wimplicit-retain-self -Wno-non-virtual-dtor -Wno-overloaded-virtual -Wno-exit-time-destructors -Wduplicate-method-match -Wno-missing-braces -Wparentheses -Wswitch -Wunused-function -Wno-unused-label -Wno-unused-parameter -Wunused-variable -Wunused-value -Wempty-body -Wuninitialized -Wconditional-uninitialized -Wno-unknown-pragmas -Wno-shadow -Wno-four-char-constants -Wno-conversion -Wconstant-conversion -Wint-conversion -Wbool-conversion -Wenum-conversion -Wno-float-conversion -Wnon-literal-null-conversion -Wobjc-literal-conversion -Wshorten-64-to-32 -Wno-newline-eof -Wno-selector -Wno-strict-selector-match -Wundeclared-selector -Wdeprecated-implementations -Wno-c++11-extensions -Wno-implicit-fallthrough -fstrict-aliasing -Wprotocol -Wdeprecated-declarations -Winvalid-offsetof -Wno-sign-conversion -Winfinite-recursion -Wmove -Wcomma -Wblock-capture-autoreleasing -Wstrict-prototypes -Wrange-loop-analysis -Wno-semicolon-before-method-body -Wunguarded-availability -index-store-path /Users/cepl/Library/Developer/Xcode/DerivedData/MahaVistaar-fftejvycvpanihalgfoabwgqljvt/Index.noindex/DataStore @/Users/cepl/Library/Developer/Xcode/DerivedData/MahaVistaar-fftejvycvpanihalgfoabwgqljvt/Build/Intermediates.noindex/Pods.build/Debug-iphonesimulator/RNSVG.build/Objects-normal/arm64/af3fcb34312c57c0f52879cdce924b91-common-args.resp -DRCT_NEW_ARCH_ENABLED\=1 -include /Users/cepl/Documents/GWLProjects/MahaVistaar-app/ios/Pods/Target\ Support\ Files/RNSVG/RNSVG-prefix.pch -MMD -MT dependencies -MF /Users/cepl/Library/Developer/Xcode/DerivedData/MahaVistaar-fftejvycvpanihalgfoabwgqljvt/Build/Intermediates.noindex/Pods.build/Debug-iphonesimulator/RNSVG.build/Objects-normal/arm64/RNSVGForeignObject.d --serialize-diagnostics /Users/cepl/Library/Developer/Xcode/DerivedData/MahaVistaar-fftejvycvpanihalgfoabwgqljvt/Build/Intermediates.noindex/Pods.build/Debug-iphonesimulator/RNSVG.build/Objects-normal/arm64/RNSVGForeignObject.dia -c /Users/cepl/Documents/GWLProjects/MahaVistaar-app/node_modules/react-native-svg/apple/Elements/RNSVGForeignObject.mm -o /Users/cepl/Library/Developer/Xcode/DerivedData/MahaVistaar-fftejvycvpanihalgfoabwgqljvt/Build/Intermediates.noindex/Pods.build/Debug-iphonesimulator/RNSVG.build/Objects-normal/arm64/RNSVGForeignObject.o -index-unit-output-path /Pods.build/Debug-iphonesimulator/RNSVG.build/Objects-normal/arm64/RNSVGForeignObject.o
error \=non-modular-include-in-framework-module -Wno-trigraphs -Wno-missing-field-initializers -Wno-missing-prototypes -Werror\=return-type -Wdocumentation -Wunreachable-code -Wno-implicit-atomic-properties -Werror\=deprecated-objc-isa-usage -Wno-objc-interface-ivars -Werror\=objc-root-class -Wno-arc-repeated-use-of-weak -Wimplicit-retain-self -Wno-non-virtual-dtor -Wno-overloaded-virtual -Wno-exit-time-destructors -Wduplicate-method-match -Wno-missing-braces -Wparentheses -Wswitch -Wunused-function -Wno-unused-label -Wno-unused-parameter -Wunused-variable -Wunused-value -Wempty-body -Wuninitialized -Wconditional-uninitialized -Wno-unknown-pragmas -Wno-shadow -Wno-four-char-constants -Wno-conversion -Wconstant-conversion -Wint-conversion -Wbool-conversion -Wenum-conversion -Wno-float-conversion -Wnon-literal-null-conversion -Wobjc-literal-conversion -Wshorten-64-to-32 -Wno-newline-eof -Wno-selector -Wno-strict-selector-match -Wundeclared-selector -Wdeprecated-implementations -Wno-c++11-extensions -Wno-implicit-fallthrough -fstrict-aliasing -Wprotocol -Wdeprecated-declarations -Winvalid-offsetof -Wno-sign-conversion -Winfinite-recursion -Wmove -Wcomma -Wblock-capture-autoreleasing -Wstrict-prototypes -Wrange-loop-analysis -Wno-semicolon-before-method-body -Wunguarded-availability -index-store-path /Users/cepl/Library/Developer/Xcode/DerivedData/MahaVistaar-fftejvycvpanihalgfoabwgqljvt/Index.noindex/DataStore @/Users/cepl/Library/Developer/Xcode/DerivedData/MahaVistaar-fftejvycvpanihalgfoabwgqljvt/Build/Intermediates.noindex/Pods.build/Debug-iphonesimulator/RNSVG.build/Objects-normal/arm64/af3fcb34312c57c0f52879cdce924b91-common-args.resp -DRCT_NEW_ARCH_ENABLED\=1 -include /Users/cepl/Documents/GWLProjects/MahaVistaar-app/ios/Pods/Target\ Support\ Files/RNSVG/RNSVG-prefix.pch -MMD -MT dependencies -MF /Users/cepl/Library/Developer/Xcode/DerivedData/MahaVistaar-fftejvycvpanihalgfoabwgqljvt/Build/Intermediates.noindex/Pods.build/Debug-iphonesimulator/RNSVG.build/Objects-normal/arm64/RNSVGFilterPrimitive.d --serialize-diagnostics /Users/cepl/Library/Developer/Xcode/DerivedData/MahaVistaar-fftejvycvpanihalgfoabwgqljvt/Build/Intermediates.noindex/Pods.build/Debug-iphonesimulator/RNSVG.build/Objects-normal/arm64/RNSVGFilterPrimitive.dia -c /Users/cepl/Documents/GWLProjects/MahaVistaar-app/node_modules/react-native-svg/apple/Filters/RNSVGFilterPrimitive.mm -o /Users/cepl/Library/Developer/Xcode/DerivedData/MahaVistaar-fftejvycvpanihalgfoabwgqljvt/Build/Intermediates.noindex/Pods.build/Debug-iphonesimulator/RNSVG.build/Objects-normal/arm64/RNSVGFilterPrimitive.o -index-unit-output-path /Pods.build/Debug-iphonesimulator/RNSVG.build/Objects-normal/arm64/RNSVGFilterPrimitive.o
error \=non-modular-include-in-framework-module -Wno-trigraphs -Wno-missing-field-initializers -Wno-missing-prototypes -Werror\=return-type -Wdocumentation -Wunreachable-code -Wno-implicit-atomic-properties -Werror\=deprecated-objc-isa-usage -Wno-objc-interface-ivars -Werror\=objc-root-class -Wno-arc-repeated-use-of-weak -Wimplicit-retain-self -Wno-non-virtual-dtor -Wno-overloaded-virtual -Wno-exit-time-destructors -Wduplicate-method-match -Wno-missing-braces -Wparentheses -Wswitch -Wunused-function -Wno-unused-label -Wno-unused-parameter -Wunused-variable -Wunused-value -Wempty-body -Wuninitialized -Wconditional-uninitialized -Wno-unknown-pragmas -Wno-shadow -Wno-four-char-constants -Wno-conversion -Wconstant-conversion -Wint-conversion -Wbool-conversion -Wenum-conversion -Wno-float-conversion -Wnon-literal-null-conversion -Wobjc-literal-conversion -Wshorten-64-to-32 -Wno-newline-eof -Wno-selector -Wno-strict-selector-match -Wundeclared-selector -Wdeprecated-implementations -Wno-c++11-extensions -Wno-implicit-fallthrough -fstrict-aliasing -Wprotocol -Wdeprecated-declarations -Winvalid-offsetof -Wno-sign-conversion -Winfinite-recursion -Wmove -Wcomma -Wblock-capture-autoreleasing -Wstrict-prototypes -Wrange-loop-analysis -Wno-semicolon-before-method-body -Wunguarded-availability -index-store-path /Users/cepl/Library/Developer/Xcode/DerivedData/MahaVistaar-fftejvycvpanihalgfoabwgqljvt/Index.noindex/DataStore @/Users/cepl/Library/Developer/Xcode/DerivedData/MahaVistaar-fftejvycvpanihalgfoabwgqljvt/Build/Intermediates.noindex/Pods.build/Debug-iphonesimulator/RNSVG.build/Objects-normal/arm64/af3fcb34312c57c0f52879cdce924b91-common-args.resp -DRCT_NEW_ARCH_ENABLED\=1 -include /Users/cepl/Documents/GWLProjects/MahaVistaar-app/ios/Pods/Target\ Support\ Files/RNSVG/RNSVG-prefix.pch -MMD -MT dependencies -MF /Users/cepl/Library/Developer/Xcode/DerivedData/MahaVistaar-fftejvycvpanihalgfoabwgqljvt/Build/Intermediates.noindex/Pods.build/Debug-iphonesimulator/RNSVG.build/Objects-normal/arm64/RNSVGFilter.d --serialize-diagnostics /Users/cepl/Library/Developer/Xcode/DerivedData/MahaVistaar-fftejvycvpanihalgfoabwgqljvt/Build/Intermediates.noindex/Pods.build/Debug-iphonesimulator/RNSVG.build/Objects-normal/arm64/RNSVGFilter.dia -c /Users/cepl/Documents/GWLProjects/MahaVistaar-app/node_modules/react-native-svg/apple/Filters/RNSVGFilter.mm -o /Users/cepl/Library/Developer/Xcode/DerivedData/MahaVistaar-fftejvycvpanihalgfoabwgqljvt/Build/Intermediates.noindex/Pods.build/Debug-iphonesimulator/RNSVG.build/Objects-normal/arm64/RNSVGFilter.o -index-unit-output-path /Pods.build/Debug-iphonesimulator/RNSVG.build/Objects-normal/arm64/RNSVGFilter.o
error \=non-modular-include-in-framework-module -Wno-trigraphs -Wno-missing-field-initializers -Wno-missing-prototypes -Werror\=return-type -Wdocumentation -Wunreachable-code -Wno-implicit-atomic-properties -Werror\=deprecated-objc-isa-usage -Wno-objc-interface-ivars -Werror\=objc-root-class -Wno-arc-repeated-use-of-weak -Wimplicit-retain-self -Wno-non-virtual-dtor -Wno-overloaded-virtual -Wno-exit-time-destructors -Wduplicate-method-match -Wno-missing-braces -Wparentheses -Wswitch -Wunused-function -Wno-unused-label -Wno-unused-parameter -Wunused-variable -Wunused-value -Wempty-body -Wuninitialized -Wconditional-uninitialized -Wno-unknown-pragmas -Wno-shadow -Wno-four-char-constants -Wno-conversion -Wconstant-conversion -Wint-conversion -Wbool-conversion -Wenum-conversion -Wno-float-conversion -Wnon-literal-null-conversion -Wobjc-literal-conversion -Wshorten-64-to-32 -Wno-newline-eof -Wno-selector -Wno-strict-selector-match -Wundeclared-selector -Wdeprecated-implementations -Wno-c++11-extensions -Wno-implicit-fallthrough -fstrict-aliasing -Wprotocol -Wdeprecated-declarations -Winvalid-offsetof -Wno-sign-conversion -Winfinite-recursion -Wmove -Wcomma -Wblock-capture-autoreleasing -Wstrict-prototypes -Wrange-loop-analysis -Wno-semicolon-before-method-body -Wunguarded-availability -index-store-path /Users/cepl/Library/Developer/Xcode/DerivedData/MahaVistaar-fftejvycvpanihalgfoabwgqljvt/Index.noindex/DataStore @/Users/cepl/Library/Developer/Xcode/DerivedData/MahaVistaar-fftejvycvpanihalgfoabwgqljvt/Build/Intermediates.noindex/Pods.build/Debug-iphonesimulator/RNSVG.build/Objects-normal/arm64/af3fcb34312c57c0f52879cdce924b91-common-args.resp -DRCT_NEW_ARCH_ENABLED\=1 -include /Users/cepl/Documents/GWLProjects/MahaVistaar-app/ios/Pods/Target\ Support\ Files/RNSVG/RNSVG-prefix.pch -MMD -MT dependencies -MF /Users/cepl/Library/Developer/Xcode/DerivedData/MahaVistaar-fftejvycvpanihalgfoabwgqljvt/Build/Intermediates.noindex/Pods.build/Debug-iphonesimulator/RNSVG.build/Objects-normal/arm64/RNSVGFeOffset.d --serialize-diagnostics /Users/cepl/Library/Developer/Xcode/DerivedData/MahaVistaar-fftejvycvpanihalgfoabwgqljvt/Build/Intermediates.noindex/Pods.build/Debug-iphonesimulator/RNSVG.build/Objects-normal/arm64/RNSVGFeOffset.dia -c /Users/cepl/Documents/GWLProjects/MahaVistaar-app/node_modules/react-native-svg/apple/Filters/RNSVGFeOffset.mm -o /Users/cepl/Library/Developer/Xcode/DerivedData/MahaVistaar-fftejvycvpanihalgfoabwgqljvt/Build/Intermediates.noindex/Pods.build/Debug-iphonesimulator/RNSVG.build/Objects-normal/arm64/RNSVGFeOffset.o -index-unit-output-path /Pods.build/Debug-iphonesimulator/RNSVG.build/Objects-normal/arm64/RNSVGFeOffset.o
error \=non-modular-include-in-framework-module -Wno-trigraphs -Wno-missing-field-initializers -Wno-missing-prototypes -Werror\=return-type -Wdocumentation -Wunreachable-code -Wno-implicit-atomic-properties -Werror\=deprecated-objc-isa-usage -Wno-objc-interface-ivars -Werror\=objc-root-class -Wno-arc-repeated-use-of-weak -Wimplicit-retain-self -Wno-non-virtual-dtor -Wno-overloaded-virtual -Wno-exit-time-destructors -Wduplicate-method-match -Wno-missing-braces -Wparentheses -Wswitch -Wunused-function -Wno-unused-label -Wno-unused-parameter -Wunused-variable -Wunused-value -Wempty-body -Wuninitialized -Wconditional-uninitialized -Wno-unknown-pragmas -Wno-shadow -Wno-four-char-constants -Wno-conversion -Wconstant-conversion -Wint-conversion -Wbool-conversion -Wenum-conversion -Wno-float-conversion -Wnon-literal-null-conversion -Wobjc-literal-conversion -Wshorten-64-to-32 -Wno-newline-eof -Wno-selector -Wno-strict-selector-match -Wundeclared-selector -Wdeprecated-implementations -Wno-c++11-extensions -Wno-implicit-fallthrough -fstrict-aliasing -Wprotocol -Wdeprecated-declarations -Winvalid-offsetof -Wno-sign-conversion -Winfinite-recursion -Wmove -Wcomma -Wblock-capture-autoreleasing -Wstrict-prototypes -Wrange-loop-analysis -Wno-semicolon-before-method-body -Wunguarded-availability -index-store-path /Users/cepl/Library/Developer/Xcode/DerivedData/MahaVistaar-fftejvycvpanihalgfoabwgqljvt/Index.noindex/DataStore @/Users/cepl/Library/Developer/Xcode/DerivedData/MahaVistaar-fftejvycvpanihalgfoabwgqljvt/Build/Intermediates.noindex/Pods.build/Debug-iphonesimulator/RNSVG.build/Objects-normal/arm64/af3fcb34312c57c0f52879cdce924b91-common-args.resp -DRCT_NEW_ARCH_ENABLED\=1 -include /Users/cepl/Documents/GWLProjects/MahaVistaar-app/ios/Pods/Target\ Support\ Files/RNSVG/RNSVG-prefix.pch -MMD -MT dependencies -MF /Users/cepl/Library/Developer/Xcode/DerivedData/MahaVistaar-fftejvycvpanihalgfoabwgqljvt/Build/Intermediates.noindex/Pods.build/Debug-iphonesimulator/RNSVG.build/Objects-normal/arm64/RNSVGFeMerge.d --serialize-diagnostics /Users/cepl/Library/Developer/Xcode/DerivedData/MahaVistaar-fftejvycvpanihalgfoabwgqljvt/Build/Intermediates.noindex/Pods.build/Debug-iphonesimulator/RNSVG.build/Objects-normal/arm64/RNSVGFeMerge.dia -c /Users/cepl/Documents/GWLProjects/MahaVistaar-app/node_modules/react-native-svg/apple/Filters/RNSVGFeMerge.mm -o /Users/cepl/Library/Developer/Xcode/DerivedData/MahaVistaar-fftejvycvpanihalgfoabwgqljvt/Build/Intermediates.noindex/Pods.build/Debug-iphonesimulator/RNSVG.build/Objects-normal/arm64/RNSVGFeMerge.o -index-unit-output-path /Pods.build/Debug-iphonesimulator/RNSVG.build/Objects-normal/arm64/RNSVGFeMerge.o
error \=non-modular-include-in-framework-module -Wno-trigraphs -Wno-missing-field-initializers -Wno-missing-prototypes -Werror\=return-type -Wdocumentation -Wunreachable-code -Wno-implicit-atomic-properties -Werror\=deprecated-objc-isa-usage -Wno-objc-interface-ivars -Werror\=objc-root-class -Wno-arc-repeated-use-of-weak -Wimplicit-retain-self -Wno-non-virtual-dtor -Wno-overloaded-virtual -Wno-exit-time-destructors -Wduplicate-method-match -Wno-missing-braces -Wparentheses -Wswitch -Wunused-function -Wno-unused-label -Wno-unused-parameter -Wunused-variable -Wunused-value -Wempty-body -Wuninitialized -Wconditional-uninitialized -Wno-unknown-pragmas -Wno-shadow -Wno-four-char-constants -Wno-conversion -Wconstant-conversion -Wint-conversion -Wbool-conversion -Wenum-conversion -Wno-float-conversion -Wnon-literal-null-conversion -Wobjc-literal-conversion -Wshorten-64-to-32 -Wno-newline-eof -Wno-selector -Wno-strict-selector-match -Wundeclared-selector -Wdeprecated-implementations -Wno-c++11-extensions -Wno-implicit-fallthrough -fstrict-aliasing -Wprotocol -Wdeprecated-declarations -Winvalid-offsetof -Wno-sign-conversion -Winfinite-recursion -Wmove -Wcomma -Wblock-capture-autoreleasing -Wstrict-prototypes -Wrange-loop-analysis -Wno-semicolon-before-method-body -Wunguarded-availability -index-store-path /Users/cepl/Library/Developer/Xcode/DerivedData/MahaVistaar-fftejvycvpanihalgfoabwgqljvt/Index.noindex/DataStore @/Users/cepl/Library/Developer/Xcode/DerivedData/MahaVistaar-fftejvycvpanihalgfoabwgqljvt/Build/Intermediates.noindex/Pods.build/Debug-iphonesimulator/RNSVG.build/Objects-normal/arm64/af3fcb34312c57c0f52879cdce924b91-common-args.resp -DRCT_NEW_ARCH_ENABLED\=1 -include /Users/cepl/Documents/GWLProjects/MahaVistaar-app/ios/Pods/Target\ Support\ Files/RNSVG/RNSVG-prefix.pch -MMD -MT dependencies -MF /Users/cepl/Library/Developer/Xcode/DerivedData/MahaVistaar-fftejvycvpanihalgfoabwgqljvt/Build/Intermediates.noindex/Pods.build/Debug-iphonesimulator/RNSVG.build/Objects-normal/arm64/RNSVGFeGaussianBlur.d --serialize-diagnostics /Users/cepl/Library/Developer/Xcode/DerivedData/MahaVistaar-fftejvycvpanihalgfoabwgqljvt/Build/Intermediates.noindex/Pods.build/Debug-iphonesimulator/RNSVG.build/Objects-normal/arm64/RNSVGFeGaussianBlur.dia -c /Users/cepl/Documents/GWLProjects/MahaVistaar-app/node_modules/react-native-svg/apple/Filters/RNSVGFeGaussianBlur.mm -o /Users/cepl/Library/Developer/Xcode/DerivedData/MahaVistaar-fftejvycvpanihalgfoabwgqljvt/Build/Intermediates.noindex/Pods.build/Debug-iphonesimulator/RNSVG.build/Objects-normal/arm64/RNSVGFeGaussianBlur.o -index-unit-output-path /Pods.build/Debug-iphonesimulator/RNSVG.build/Objects-normal/arm64/RNSVGFeGaussianBlur.o
error \=non-modular-include-in-framework-module -Wno-trigraphs -Wno-missing-field-initializers -Wno-missing-prototypes -Werror\=return-type -Wdocumentation -Wunreachable-code -Wno-implicit-atomic-properties -Werror\=deprecated-objc-isa-usage -Wno-objc-interface-ivars -Werror\=objc-root-class -Wno-arc-repeated-use-of-weak -Wimplicit-retain-self -Wno-non-virtual-dtor -Wno-overloaded-virtual -Wno-exit-time-destructors -Wduplicate-method-match -Wno-missing-braces -Wparentheses -Wswitch -Wunused-function -Wno-unused-label -Wno-unused-parameter -Wunused-variable -Wunused-value -Wempty-body -Wuninitialized -Wconditional-uninitialized -Wno-unknown-pragmas -Wno-shadow -Wno-four-char-constants -Wno-conversion -Wconstant-conversion -Wint-conversion -Wbool-conversion -Wenum-conversion -Wno-float-conversion -Wnon-literal-null-conversion -Wobjc-literal-conversion -Wshorten-64-to-32 -Wno-newline-eof -Wno-selector -Wno-strict-selector-match -Wundeclared-selector -Wdeprecated-implementations -Wno-c++11-extensions -Wno-implicit-fallthrough -fstrict-aliasing -Wprotocol -Wdeprecated-declarations -Winvalid-offsetof -Wno-sign-conversion -Winfinite-recursion -Wmove -Wcomma -Wblock-capture-autoreleasing -Wstrict-prototypes -Wrange-loop-analysis -Wno-semicolon-before-method-body -Wunguarded-availability -index-store-path /Users/cepl/Library/Developer/Xcode/DerivedData/MahaVistaar-fftejvycvpanihalgfoabwgqljvt/Index.noindex/DataStore @/Users/cepl/Library/Developer/Xcode/DerivedData/MahaVistaar-fftejvycvpanihalgfoabwgqljvt/Build/Intermediates.noindex/Pods.build/Debug-iphonesimulator/RNSVG.build/Objects-normal/arm64/af3fcb34312c57c0f52879cdce924b91-common-args.resp -DRCT_NEW_ARCH_ENABLED\=1 -include /Users/cepl/Documents/GWLProjects/MahaVistaar-app/ios/Pods/Target\ Support\ Files/RNSVG/RNSVG-prefix.pch -MMD -MT dependencies -MF /Users/cepl/Library/Developer/Xcode/DerivedData/MahaVistaar-fftejvycvpanihalgfoabwgqljvt/Build/Intermediates.noindex/Pods.build/Debug-iphonesimulator/RNSVG.build/Objects-normal/arm64/RNSVGFeFlood.d --serialize-diagnostics /Users/cepl/Library/Developer/Xcode/DerivedData/MahaVistaar-fftejvycvpanihalgfoabwgqljvt/Build/Intermediates.noindex/Pods.build/Debug-iphonesimulator/RNSVG.build/Objects-normal/arm64/RNSVGFeFlood.dia -c /Users/cepl/Documents/GWLProjects/MahaVistaar-app/node_modules/react-native-svg/apple/Filters/RNSVGFeFlood.mm -o /Users/cepl/Library/Developer/Xcode/DerivedData/MahaVistaar-fftejvycvpanihalgfoabwgqljvt/Build/Intermediates.noindex/Pods.build/Debug-iphonesimulator/RNSVG.build/Objects-normal/arm64/RNSVGFeFlood.o -index-unit-output-path /Pods.build/Debug-iphonesimulator/RNSVG.build/Objects-normal/arm64/RNSVGFeFlood.o
error \=non-modular-include-in-framework-module -Wno-trigraphs -Wno-missing-field-initializers -Wno-missing-prototypes -Werror\=return-type -Wdocumentation -Wunreachable-code -Wno-implicit-atomic-properties -Werror\=deprecated-objc-isa-usage -Wno-objc-interface-ivars -Werror\=objc-root-class -Wno-arc-repeated-use-of-weak -Wimplicit-retain-self -Wno-non-virtual-dtor -Wno-overloaded-virtual -Wno-exit-time-destructors -Wduplicate-method-match -Wno-missing-braces -Wparentheses -Wswitch -Wunused-function -Wno-unused-label -Wno-unused-parameter -Wunused-variable -Wunused-value -Wempty-body -Wuninitialized -Wconditional-uninitialized -Wno-unknown-pragmas -Wno-shadow -Wno-four-char-constants -Wno-conversion -Wconstant-conversion -Wint-conversion -Wbool-conversion -Wenum-conversion -Wno-float-conversion -Wnon-literal-null-conversion -Wobjc-literal-conversion -Wshorten-64-to-32 -Wno-newline-eof -Wno-selector -Wno-strict-selector-match -Wundeclared-selector -Wdeprecated-implementations -Wno-c++11-extensions -Wno-implicit-fallthrough -fstrict-aliasing -Wprotocol -Wdeprecated-declarations -Winvalid-offsetof -Wno-sign-conversion -Winfinite-recursion -Wmove -Wcomma -Wblock-capture-autoreleasing -Wstrict-prototypes -Wrange-loop-analysis -Wno-semicolon-before-method-body -Wunguarded-availability -index-store-path /Users/cepl/Library/Developer/Xcode/DerivedData/MahaVistaar-fftejvycvpanihalgfoabwgqljvt/Index.noindex/DataStore @/Users/cepl/Library/Developer/Xcode/DerivedData/MahaVistaar-fftejvycvpanihalgfoabwgqljvt/Build/Intermediates.noindex/Pods.build/Debug-iphonesimulator/RNSVG.build/Objects-normal/arm64/af3fcb34312c57c0f52879cdce924b91-common-args.resp -DRCT_NEW_ARCH_ENABLED\=1 -include /Users/cepl/Documents/GWLProjects/MahaVistaar-app/ios/Pods/Target\ Support\ Files/RNSVG/RNSVG-prefix.pch -MMD -MT dependencies -MF /Users/cepl/Library/Developer/Xcode/DerivedData/MahaVistaar-fftejvycvpanihalgfoabwgqljvt/Build/Intermediates.noindex/Pods.build/Debug-iphonesimulator/RNSVG.build/Objects-normal/arm64/RNSVGFeComposite.d --serialize-diagnostics /Users/cepl/Library/Developer/Xcode/DerivedData/MahaVistaar-fftejvycvpanihalgfoabwgqljvt/Build/Intermediates.noindex/Pods.build/Debug-iphonesimulator/RNSVG.build/Objects-normal/arm64/RNSVGFeComposite.dia -c /Users/cepl/Documents/GWLProjects/MahaVistaar-app/node_modules/react-native-svg/apple/Filters/RNSVGFeComposite.mm -o /Users/cepl/Library/Developer/Xcode/DerivedData/MahaVistaar-fftejvycvpanihalgfoabwgqljvt/Build/Intermediates.noindex/Pods.build/Debug-iphonesimulator/RNSVG.build/Objects-normal/arm64/RNSVGFeComposite.o -index-unit-output-path /Pods.build/Debug-iphonesimulator/RNSVG.build/Objects-normal/arm64/RNSVGFeComposite.o
error \=non-modular-include-in-framework-module -Wno-trigraphs -Wno-missing-field-initializers -Wno-missing-prototypes -Werror\=return-type -Wdocumentation -Wunreachable-code -Wno-implicit-atomic-properties -Werror\=deprecated-objc-isa-usage -Wno-objc-interface-ivars -Werror\=objc-root-class -Wno-arc-repeated-use-of-weak -Wimplicit-retain-self -Wno-non-virtual-dtor -Wno-overloaded-virtual -Wno-exit-time-destructors -Wduplicate-method-match -Wno-missing-braces -Wparentheses -Wswitch -Wunused-function -Wno-unused-label -Wno-unused-parameter -Wunused-variable -Wunused-value -Wempty-body -Wuninitialized -Wconditional-uninitialized -Wno-unknown-pragmas -Wno-shadow -Wno-four-char-constants -Wno-conversion -Wconstant-conversion -Wint-conversion -Wbool-conversion -Wenum-conversion -Wno-float-conversion -Wnon-literal-null-conversion -Wobjc-literal-conversion -Wshorten-64-to-32 -Wno-newline-eof -Wno-selector -Wno-strict-selector-match -Wundeclared-selector -Wdeprecated-implementations -Wno-c++11-extensions -Wno-implicit-fallthrough -fstrict-aliasing -Wprotocol -Wdeprecated-declarations -Winvalid-offsetof -Wno-sign-conversion -Winfinite-recursion -Wmove -Wcomma -Wblock-capture-autoreleasing -Wstrict-prototypes -Wrange-loop-analysis -Wno-semicolon-before-method-body -Wunguarded-availability -index-store-path /Users/cepl/Library/Developer/Xcode/DerivedData/MahaVistaar-fftejvycvpanihalgfoabwgqljvt/Index.noindex/DataStore @/Users/cepl/Library/Developer/Xcode/DerivedData/MahaVistaar-fftejvycvpanihalgfoabwgqljvt/Build/Intermediates.noindex/Pods.build/Debug-iphonesimulator/RNSVG.build/Objects-normal/arm64/af3fcb34312c57c0f52879cdce924b91-common-args.resp -DRCT_NEW_ARCH_ENABLED\=1 -include /Users/cepl/Documents/GWLProjects/MahaVistaar-app/ios/Pods/Target\ Support\ Files/RNSVG/RNSVG-prefix.pch -MMD -MT dependencies -MF /Users/cepl/Library/Developer/Xcode/DerivedData/MahaVistaar-fftejvycvpanihalgfoabwgqljvt/Build/Intermediates.noindex/Pods.build/Debug-iphonesimulator/RNSVG.build/Objects-normal/arm64/RNSVGFeColorMatrix.d --serialize-diagnostics /Users/cepl/Library/Developer/Xcode/DerivedData/MahaVistaar-fftejvycvpanihalgfoabwgqljvt/Build/Intermediates.noindex/Pods.build/Debug-iphonesimulator/RNSVG.build/Objects-normal/arm64/RNSVGFeColorMatrix.dia -c /Users/cepl/Documents/GWLProjects/MahaVistaar-app/node_modules/react-native-svg/apple/Filters/RNSVGFeColorMatrix.mm -o /Users/cepl/Library/Developer/Xcode/DerivedData/MahaVistaar-fftejvycvpanihalgfoabwgqljvt/Build/Intermediates.noindex/Pods.build/Debug-iphonesimulator/RNSVG.build/Objects-normal/arm64/RNSVGFeColorMatrix.o -index-unit-output-path /Pods.build/Debug-iphonesimulator/RNSVG.build/Objects-normal/arm64/RNSVGFeColorMatrix.o
error \=non-modular-include-in-framework-module -Wno-trigraphs -Wno-missing-field-initializers -Wno-missing-prototypes -Werror\=return-type -Wdocumentation -Wunreachable-code -Wno-implicit-atomic-properties -Werror\=deprecated-objc-isa-usage -Wno-objc-interface-ivars -Werror\=objc-root-class -Wno-arc-repeated-use-of-weak -Wimplicit-retain-self -Wno-non-virtual-dtor -Wno-overloaded-virtual -Wno-exit-time-destructors -Wduplicate-method-match -Wno-missing-braces -Wparentheses -Wswitch -Wunused-function -Wno-unused-label -Wno-unused-parameter -Wunused-variable -Wunused-value -Wempty-body -Wuninitialized -Wconditional-uninitialized -Wno-unknown-pragmas -Wno-shadow -Wno-four-char-constants -Wno-conversion -Wconstant-conversion -Wint-conversion -Wbool-conversion -Wenum-conversion -Wno-float-conversion -Wnon-literal-null-conversion -Wobjc-literal-conversion -Wshorten-64-to-32 -Wno-newline-eof -Wno-selector -Wno-strict-selector-match -Wundeclared-selector -Wdeprecated-implementations -Wno-c++11-extensions -Wno-implicit-fallthrough -fstrict-aliasing -Wprotocol -Wdeprecated-declarations -Winvalid-offsetof -Wno-sign-conversion -Winfinite-recursion -Wmove -Wcomma -Wblock-capture-autoreleasing -Wstrict-prototypes -Wrange-loop-analysis -Wno-semicolon-before-method-body -Wunguarded-availability -index-store-path /Users/cepl/Library/Developer/Xcode/DerivedData/MahaVistaar-fftejvycvpanihalgfoabwgqljvt/Index.noindex/DataStore @/Users/cepl/Library/Developer/Xcode/DerivedData/MahaVistaar-fftejvycvpanihalgfoabwgqljvt/Build/Intermediates.noindex/Pods.build/Debug-iphonesimulator/RNSVG.build/Objects-normal/arm64/af3fcb34312c57c0f52879cdce924b91-common-args.resp -DRCT_NEW_ARCH_ENABLED\=1 -include /Users/cepl/Documents/GWLProjects/MahaVistaar-app/ios/Pods/Target\ Support\ Files/RNSVG/RNSVG-prefix.pch -MMD -MT dependencies -MF /Users/cepl/Library/Developer/Xcode/DerivedData/MahaVistaar-fftejvycvpanihalgfoabwgqljvt/Build/Intermediates.noindex/Pods.build/Debug-iphonesimulator/RNSVG.build/Objects-normal/arm64/RNSVGFeBlend.d --serialize-diagnostics /Users/cepl/Library/Developer/Xcode/DerivedData/MahaVistaar-fftejvycvpanihalgfoabwgqljvt/Build/Intermediates.noindex/Pods.build/Debug-iphonesimulator/RNSVG.build/Objects-normal/arm64/RNSVGFeBlend.dia -c /Users/cepl/Documents/GWLProjects/MahaVistaar-app/node_modules/react-native-svg/apple/Filters/RNSVGFeBlend.mm -o /Users/cepl/Library/Developer/Xcode/DerivedData/MahaVistaar-fftejvycvpanihalgfoabwgqljvt/Build/Intermediates.noindex/Pods.build/Debug-iphonesimulator/RNSVG.build/Objects-normal/arm64/RNSVGFeBlend.o -index-unit-output-path /Pods.build/Debug-iphonesimulator/RNSVG.build/Objects-normal/arm64/RNSVGFeBlend.o
error \=non-modular-include-in-framework-module -Wno-trigraphs -Wno-missing-field-initializers -Wno-missing-prototypes -Werror\=return-type -Wdocumentation -Wunreachable-code -Wno-implicit-atomic-properties -Werror\=deprecated-objc-isa-usage -Wno-objc-interface-ivars -Werror\=objc-root-class -Wno-arc-repeated-use-of-weak -Wimplicit-retain-self -Wno-non-virtual-dtor -Wno-overloaded-virtual -Wno-exit-time-destructors -Wduplicate-method-match -Wno-missing-braces -Wparentheses -Wswitch -Wunused-function -Wno-unused-label -Wno-unused-parameter -Wunused-variable -Wunused-value -Wempty-body -Wuninitialized -Wconditional-uninitialized -Wno-unknown-pragmas -Wno-shadow -Wno-four-char-constants -Wno-conversion -Wconstant-conversion -Wint-conversion -Wbool-conversion -Wenum-conversion -Wno-float-conversion -Wnon-literal-null-conversion -Wobjc-literal-conversion -Wshorten-64-to-32 -Wno-newline-eof -Wno-selector -Wno-strict-selector-match -Wundeclared-selector -Wdeprecated-implementations -Wno-c++11-extensions -Wno-implicit-fallthrough -fstrict-aliasing -Wprotocol -Wdeprecated-declarations -Winvalid-offsetof -Wno-sign-conversion -Winfinite-recursion -Wmove -Wcomma -Wblock-capture-autoreleasing -Wstrict-prototypes -Wrange-loop-analysis -Wno-semicolon-before-method-body -Wunguarded-availability -index-store-path /Users/cepl/Library/Developer/Xcode/DerivedData/MahaVistaar-fftejvycvpanihalgfoabwgqljvt/Index.noindex/DataStore @/Users/cepl/Library/Developer/Xcode/DerivedData/MahaVistaar-fftejvycvpanihalgfoabwgqljvt/Build/Intermediates.noindex/Pods.build/Debug-iphonesimulator/RNSVG.build/Objects-normal/arm64/af3fcb34312c57c0f52879cdce924b91-common-args.resp -DRCT_NEW_ARCH_ENABLED\=1 -include /Users/cepl/Documents/GWLProjects/MahaVistaar-app/ios/Pods/Target\ Support\ Files/RNSVG/RNSVG-prefix.pch -MMD -MT dependencies -MF /Users/cepl/Library/Developer/Xcode/DerivedData/MahaVistaar-fftejvycvpanihalgfoabwgqljvt/Build/Intermediates.noindex/Pods.build/Debug-iphonesimulator/RNSVG.build/Objects-normal/arm64/RNSVGEllipse.d --serialize-diagnostics /Users/cepl/Library/Developer/Xcode/DerivedData/MahaVistaar-fftejvycvpanihalgfoabwgqljvt/Build/Intermediates.noindex/Pods.build/Debug-iphonesimulator/RNSVG.build/Objects-normal/arm64/RNSVGEllipse.dia -c /Users/cepl/Documents/GWLProjects/MahaVistaar-app/node_modules/react-native-svg/apple/Shapes/RNSVGEllipse.mm -o /Users/cepl/Library/Developer/Xcode/DerivedData/MahaVistaar-fftejvycvpanihalgfoabwgqljvt/Build/Intermediates.noindex/Pods.build/Debug-iphonesimulator/RNSVG.build/Objects-normal/arm64/RNSVGEllipse.o -index-unit-output-path /Pods.build/Debug-iphonesimulator/RNSVG.build/Objects-normal/arm64/RNSVGEllipse.o
error \=non-modular-include-in-framework-module -Wno-trigraphs -Wno-missing-field-initializers -Wno-missing-prototypes -Werror\=return-type -Wdocumentation -Wunreachable-code -Wno-implicit-atomic-properties -Werror\=deprecated-objc-isa-usage -Wno-objc-interface-ivars -Werror\=objc-root-class -Wno-arc-repeated-use-of-weak -Wimplicit-retain-self -Wno-non-virtual-dtor -Wno-overloaded-virtual -Wno-exit-time-destructors -Wduplicate-method-match -Wno-missing-braces -Wparentheses -Wswitch -Wunused-function -Wno-unused-label -Wno-unused-parameter -Wunused-variable -Wunused-value -Wempty-body -Wuninitialized -Wconditional-uninitialized -Wno-unknown-pragmas -Wno-shadow -Wno-four-char-constants -Wno-conversion -Wconstant-conversion -Wint-conversion -Wbool-conversion -Wenum-conversion -Wno-float-conversion -Wnon-literal-null-conversion -Wobjc-literal-conversion -Wshorten-64-to-32 -Wno-newline-eof -Wno-selector -Wno-strict-selector-match -Wundeclared-selector -Wdeprecated-implementations -Wno-c++11-extensions -Wno-implicit-fallthrough -fstrict-aliasing -Wprotocol -Wdeprecated-declarations -Winvalid-offsetof -Wno-sign-conversion -Winfinite-recursion -Wmove -Wcomma -Wblock-capture-autoreleasing -Wstrict-prototypes -Wrange-loop-analysis -Wno-semicolon-before-method-body -Wunguarded-availability -index-store-path /Users/cepl/Library/Developer/Xcode/DerivedData/MahaVistaar-fftejvycvpanihalgfoabwgqljvt/Index.noindex/DataStore @/Users/cepl/Library/Developer/Xcode/DerivedData/MahaVistaar-fftejvycvpanihalgfoabwgqljvt/Build/Intermediates.noindex/Pods.build/Debug-iphonesimulator/RNSVG.build/Objects-normal/arm64/af3fcb34312c57c0f52879cdce924b91-common-args.resp -DRCT_NEW_ARCH_ENABLED\=1 -include /Users/cepl/Documents/GWLProjects/MahaVistaar-app/ios/Pods/Target\ Support\ Files/RNSVG/RNSVG-prefix.pch -MMD -MT dependencies -MF /Users/cepl/Library/Developer/Xcode/DerivedData/MahaVistaar-fftejvycvpanihalgfoabwgqljvt/Build/Intermediates.noindex/Pods.build/Debug-iphonesimulator/RNSVG.build/Objects-normal/arm64/RNSVGDefs.d --serialize-diagnostics /Users/cepl/Library/Developer/Xcode/DerivedData/MahaVistaar-fftejvycvpanihalgfoabwgqljvt/Build/Intermediates.noindex/Pods.build/Debug-iphonesimulator/RNSVG.build/Objects-normal/arm64/RNSVGDefs.dia -c /Users/cepl/Documents/GWLProjects/MahaVistaar-app/node_modules/react-native-svg/apple/Elements/RNSVGDefs.mm -o /Users/cepl/Library/Developer/Xcode/DerivedData/MahaVistaar-fftejvycvpanihalgfoabwgqljvt/Build/Intermediates.noindex/Pods.build/Debug-iphonesimulator/RNSVG.build/Objects-normal/arm64/RNSVGDefs.o -index-unit-output-path /Pods.build/Debug-iphonesimulator/RNSVG.build/Objects-normal/arm64/RNSVGDefs.o
error \=non-modular-include-in-framework-module -Wno-trigraphs -Wno-missing-field-initializers -Wno-missing-prototypes -Werror\=return-type -Wdocumentation -Wunreachable-code -Wno-implicit-atomic-properties -Werror\=deprecated-objc-isa-usage -Wno-objc-interface-ivars -Werror\=objc-root-class -Wno-arc-repeated-use-of-weak -Wimplicit-retain-self -Wno-non-virtual-dtor -Wno-overloaded-virtual -Wno-exit-time-destructors -Wduplicate-method-match -Wno-missing-braces -Wparentheses -Wswitch -Wunused-function -Wno-unused-label -Wno-unused-parameter -Wunused-variable -Wunused-value -Wempty-body -Wuninitialized -Wconditional-uninitialized -Wno-unknown-pragmas -Wno-shadow -Wno-four-char-constants -Wno-conversion -Wconstant-conversion -Wint-conversion -Wbool-conversion -Wenum-conversion -Wno-float-conversion -Wnon-literal-null-conversion -Wobjc-literal-conversion -Wshorten-64-to-32 -Wno-newline-eof -Wno-selector -Wno-strict-selector-match -Wundeclared-selector -Wdeprecated-implementations -Wno-c++11-extensions -Wno-implicit-fallthrough -fstrict-aliasing -Wprotocol -Wdeprecated-declarations -Winvalid-offsetof -Wno-sign-conversion -Winfinite-recursion -Wmove -Wcomma -Wblock-capture-autoreleasing -Wstrict-prototypes -Wrange-loop-analysis -Wno-semicolon-before-method-body -Wunguarded-availability -index-store-path /Users/cepl/Library/Developer/Xcode/DerivedData/MahaVistaar-fftejvycvpanihalgfoabwgqljvt/Index.noindex/DataStore @/Users/cepl/Library/Developer/Xcode/DerivedData/MahaVistaar-fftejvycvpanihalgfoabwgqljvt/Build/Intermediates.noindex/Pods.build/Debug-iphonesimulator/RNSVG.build/Objects-normal/arm64/af3fcb34312c57c0f52879cdce924b91-common-args.resp -DRCT_NEW_ARCH_ENABLED\=1 -include /Users/cepl/Documents/GWLProjects/MahaVistaar-app/ios/Pods/Target\ Support\ Files/RNSVG/RNSVG-prefix.pch -MMD -MT dependencies -MF /Users/cepl/Library/Developer/Xcode/DerivedData/MahaVistaar-fftejvycvpanihalgfoabwgqljvt/Build/Intermediates.noindex/Pods.build/Debug-iphonesimulator/RNSVG.build/Objects-normal/arm64/RNSVGConvert.d --serialize-diagnostics /Users/cepl/Library/Developer/Xcode/DerivedData/MahaVistaar-fftejvycvpanihalgfoabwgqljvt/Build/Intermediates.noindex/Pods.build/Debug-iphonesimulator/RNSVG.build/Objects-normal/arm64/RNSVGConvert.dia -c /Users/cepl/Documents/GWLProjects/MahaVistaar-app/node_modules/react-native-svg/apple/Utils/RNSVGConvert.mm -o /Users/cepl/Library/Developer/Xcode/DerivedData/MahaVistaar-fftejvycvpanihalgfoabwgqljvt/Build/Intermediates.noindex/Pods.build/Debug-iphonesimulator/RNSVG.build/Objects-normal/arm64/RNSVGConvert.o -index-unit-output-path /Pods.build/Debug-iphonesimulator/RNSVG.build/Objects-normal/arm64/RNSVGConvert.o
error \=non-modular-include-in-framework-module -Wno-trigraphs -Wno-missing-field-initializers -Wno-missing-prototypes -Werror\=return-type -Wdocumentation -Wunreachable-code -Wno-implicit-atomic-properties -Werror\=deprecated-objc-isa-usage -Wno-objc-interface-ivars -Werror\=objc-root-class -Wno-arc-repeated-use-of-weak -Wimplicit-retain-self -Wno-non-virtual-dtor -Wno-overloaded-virtual -Wno-exit-time-destructors -Wduplicate-method-match -Wno-missing-braces -Wparentheses -Wswitch -Wunused-function -Wno-unused-label -Wno-unused-parameter -Wunused-variable -Wunused-value -Wempty-body -Wuninitialized -Wconditional-uninitialized -Wno-unknown-pragmas -Wno-shadow -Wno-four-char-constants -Wno-conversion -Wconstant-conversion -Wint-conversion -Wbool-conversion -Wenum-conversion -Wno-float-conversion -Wnon-literal-null-conversion -Wobjc-literal-conversion -Wshorten-64-to-32 -Wno-newline-eof -Wno-selector -Wno-strict-selector-match -Wundeclared-selector -Wdeprecated-implementations -Wno-c++11-extensions -Wno-implicit-fallthrough -fstrict-aliasing -Wprotocol -Wdeprecated-declarations -Winvalid-offsetof -Wno-sign-conversion -Winfinite-recursion -Wmove -Wcomma -Wblock-capture-autoreleasing -Wstrict-prototypes -Wrange-loop-analysis -Wno-semicolon-before-method-body -Wunguarded-availability -index-store-path /Users/cepl/Library/Developer/Xcode/DerivedData/MahaVistaar-fftejvycvpanihalgfoabwgqljvt/Index.noindex/DataStore @/Users/cepl/Library/Developer/Xcode/DerivedData/MahaVistaar-fftejvycvpanihalgfoabwgqljvt/Build/Intermediates.noindex/Pods.build/Debug-iphonesimulator/RNSVG.build/Objects-normal/arm64/af3fcb34312c57c0f52879cdce924b91-common-args.resp -DRCT_NEW_ARCH_ENABLED\=1 -include /Users/cepl/Documents/GWLProjects/MahaVistaar-app/ios/Pods/Target\ Support\ Files/RNSVG/RNSVG-prefix.pch -MMD -MT dependencies -MF /Users/cepl/Library/Developer/Xcode/DerivedData/MahaVistaar-fftejvycvpanihalgfoabwgqljvt/Build/Intermediates.noindex/Pods.build/Debug-iphonesimulator/RNSVG.build/Objects-normal/arm64/RNSVGClipPath.d --serialize-diagnostics /Users/cepl/Library/Developer/Xcode/DerivedData/MahaVistaar-fftejvycvpanihalgfoabwgqljvt/Build/Intermediates.noindex/Pods.build/Debug-iphonesimulator/RNSVG.build/Objects-normal/arm64/RNSVGClipPath.dia -c /Users/cepl/Documents/GWLProjects/MahaVistaar-app/node_modules/react-native-svg/apple/Elements/RNSVGClipPath.mm -o /Users/cepl/Library/Developer/Xcode/DerivedData/MahaVistaar-fftejvycvpanihalgfoabwgqljvt/Build/Intermediates.noindex/Pods.build/Debug-iphonesimulator/RNSVG.build/Objects-normal/arm64/RNSVGClipPath.o -index-unit-output-path /Pods.build/Debug-iphonesimulator/RNSVG.build/Objects-normal/arm64/RNSVGClipPath.o
error \=non-modular-include-in-framework-module -Wno-trigraphs -Wno-missing-field-initializers -Wno-missing-prototypes -Werror\=return-type -Wdocumentation -Wunreachable-code -Wno-implicit-atomic-properties -Werror\=deprecated-objc-isa-usage -Wno-objc-interface-ivars -Werror\=objc-root-class -Wno-arc-repeated-use-of-weak -Wimplicit-retain-self -Wno-non-virtual-dtor -Wno-overloaded-virtual -Wno-exit-time-destructors -Wduplicate-method-match -Wno-missing-braces -Wparentheses -Wswitch -Wunused-function -Wno-unused-label -Wno-unused-parameter -Wunused-variable -Wunused-value -Wempty-body -Wuninitialized -Wconditional-uninitialized -Wno-unknown-pragmas -Wno-shadow -Wno-four-char-constants -Wno-conversion -Wconstant-conversion -Wint-conversion -Wbool-conversion -Wenum-conversion -Wno-float-conversion -Wnon-literal-null-conversion -Wobjc-literal-conversion -Wshorten-64-to-32 -Wno-newline-eof -Wno-selector -Wno-strict-selector-match -Wundeclared-selector -Wdeprecated-implementations -Wno-c++11-extensions -Wno-implicit-fallthrough -fstrict-aliasing -Wprotocol -Wdeprecated-declarations -Winvalid-offsetof -Wno-sign-conversion -Winfinite-recursion -Wmove -Wcomma -Wblock-capture-autoreleasing -Wstrict-prototypes -Wrange-loop-analysis -Wno-semicolon-before-method-body -Wunguarded-availability -index-store-path /Users/cepl/Library/Developer/Xcode/DerivedData/MahaVistaar-fftejvycvpanihalgfoabwgqljvt/Index.noindex/DataStore @/Users/cepl/Library/Developer/Xcode/DerivedData/MahaVistaar-fftejvycvpanihalgfoabwgqljvt/Build/Intermediates.noindex/Pods.build/Debug-iphonesimulator/RNSVG.build/Objects-normal/arm64/af3fcb34312c57c0f52879cdce924b91-common-args.resp -DRCT_NEW_ARCH_ENABLED\=1 -include /Users/cepl/Documents/GWLProjects/MahaVistaar-app/ios/Pods/Target\ Support\ Files/RNSVG/RNSVG-prefix.pch -MMD -MT dependencies -MF /Users/cepl/Library/Developer/Xcode/DerivedData/MahaVistaar-fftejvycvpanihalgfoabwgqljvt/Build/Intermediates.noindex/Pods.build/Debug-iphonesimulator/RNSVG.build/Objects-normal/arm64/RNSVGCircle.d --serialize-diagnostics /Users/cepl/Library/Developer/Xcode/DerivedData/MahaVistaar-fftejvycvpanihalgfoabwgqljvt/Build/Intermediates.noindex/Pods.build/Debug-iphonesimulator/RNSVG.build/Objects-normal/arm64/RNSVGCircle.dia -c /Users/cepl/Documents/GWLProjects/MahaVistaar-app/node_modules/react-native-svg/apple/Shapes/RNSVGCircle.mm -o /Users/cepl/Library/Developer/Xcode/DerivedData/MahaVistaar-fftejvycvpanihalgfoabwgqljvt/Build/Intermediates.noindex/Pods.build/Debug-iphonesimulator/RNSVG.build/Objects-normal/arm64/RNSVGCircle.o -index-unit-output-path /Pods.build/Debug-iphonesimulator/RNSVG.build/Objects-normal/arm64/RNSVGCircle.o
error \=non-modular-include-in-framework-module -Wno-trigraphs -Wno-missing-field-initializers -Wno-missing-prototypes -Werror\=return-type -Wdocumentation -Wunreachable-code -Werror\=deprecated-objc-isa-usage -Werror\=objc-root-class -Wno-non-virtual-dtor -Wno-overloaded-virtual -Wno-exit-time-destructors -Wno-missing-braces -Wparentheses -Wswitch -Wunused-function -Wno-unused-label -Wno-unused-parameter -Wunused-variable -Wunused-value -Wempty-body -Wuninitialized -Wconditional-uninitialized -Wno-unknown-pragmas -Wno-shadow -Wno-four-char-constants -Wno-conversion -Wconstant-conversion -Wint-conversion -Wbool-conversion -Wenum-conversion -Wno-float-conversion -Wnon-literal-null-conversion -Wobjc-literal-conversion -Wshorten-64-to-32 -Wno-newline-eof -Wno-c++11-extensions -Wno-implicit-fallthrough -fstrict-aliasing -Wdeprecated-declarations -Winvalid-offsetof -Wno-sign-conversion -Winfinite-recursion -Wmove -Wcomma -Wblock-capture-autoreleasing -Wstrict-prototypes -Wrange-loop-analysis -Wno-semicolon-before-method-body -Wunguarded-availability -index-store-path /Users/cepl/Library/Developer/Xcode/DerivedData/MahaVistaar-fftejvycvpanihalgfoabwgqljvt/Index.noindex/DataStore -Wno-comma -Wno-shorten-64-to-32 @/Users/cepl/Library/Developer/Xcode/DerivedData/MahaVistaar-fftejvycvpanihalgfoabwgqljvt/Build/Intermediates.noindex/Pods.build/Debug-iphonesimulator/RNReanimated.build/Objects-normal/arm64/82b82416624d2658e5098eb0a28c15c5-common-args.resp -DFOLLY_NO_CONFIG -DFOLLY_MOBILE\=1 -DFOLLY_USE_LIBCPP\=1 -Wno-comma -Wno-shorten-64-to-32 -DREACT_NATIVE_MINOR_VERSION\=83 -Wno-comma -Wno-shorten-64-to-32 -Wno-documentation -DRCT_NEW_ARCH_ENABLED\=1 -include /Users/cepl/Documents/GWLProjects/MahaVistaar-app/ios/Pods/Target\ Support\ Files/RNReanimated/RNReanimated-prefix.pch -MMD -MT dependencies -MF /Users/cepl/Library/Developer/Xcode/DerivedData/MahaVistaar-fftejvycvpanihalgfoabwgqljvt/Build/Intermediates.noindex/Pods.build/Debug-iphonesimulator/RNReanimated.build/Objects-normal/arm64/WorkletRuntimeRegistry.d --serialize-diagnostics /Users/cepl/Library/Developer/Xcode/DerivedData/MahaVistaar-fftejvycvpanihalgfoabwgqljvt/Build/Intermediates.noindex/Pods.build/Debug-iphonesimulator/RNReanimated.build/Objects-normal/arm64/WorkletRuntimeRegistry.dia -c /Users/cepl/Documents/GWLProjects/MahaVistaar-app/node_modules/react-native-reanimated/Common/cpp/ReanimatedRuntime/WorkletRuntimeRegistry.cpp -o /Users/cepl/Library/Developer/Xcode/DerivedData/MahaVistaar-fftejvycvpanihalgfoabwgqljvt/Build/Intermediates.noindex/Pods.build/Debug-iphonesimulator/RNReanimated.build/Objects-normal/arm64/WorkletRuntimeRegistry.o -index-unit-output-path /Pods.build/Debug-iphonesimulator/RNReanimated.build/Objects-normal/arm64/WorkletRuntimeRegistry.o
error \=non-modular-include-in-framework-module -Wno-trigraphs -Wno-missing-field-initializers -Wno-missing-prototypes -Werror\=return-type -Wdocumentation -Wunreachable-code -Werror\=deprecated-objc-isa-usage -Werror\=objc-root-class -Wno-non-virtual-dtor -Wno-overloaded-virtual -Wno-exit-time-destructors -Wno-missing-braces -Wparentheses -Wswitch -Wunused-function -Wno-unused-label -Wno-unused-parameter -Wunused-variable -Wunused-value -Wempty-body -Wuninitialized -Wconditional-uninitialized -Wno-unknown-pragmas -Wno-shadow -Wno-four-char-constants -Wno-conversion -Wconstant-conversion -Wint-conversion -Wbool-conversion -Wenum-conversion -Wno-float-conversion -Wnon-literal-null-conversion -Wobjc-literal-conversion -Wshorten-64-to-32 -Wno-newline-eof -Wno-c++11-extensions -Wno-implicit-fallthrough -fstrict-aliasing -Wdeprecated-declarations -Winvalid-offsetof -Wno-sign-conversion -Winfinite-recursion -Wmove -Wcomma -Wblock-capture-autoreleasing -Wstrict-prototypes -Wrange-loop-analysis -Wno-semicolon-before-method-body -Wunguarded-availability -index-store-path /Users/cepl/Library/Developer/Xcode/DerivedData/MahaVistaar-fftejvycvpanihalgfoabwgqljvt/Index.noindex/DataStore -Wno-comma -Wno-shorten-64-to-32 @/Users/cepl/Library/Developer/Xcode/DerivedData/MahaVistaar-fftejvycvpanihalgfoabwgqljvt/Build/Intermediates.noindex/Pods.build/Debug-iphonesimulator/RNReanimated.build/Objects-normal/arm64/82b82416624d2658e5098eb0a28c15c5-common-args.resp -DFOLLY_NO_CONFIG -DFOLLY_MOBILE\=1 -DFOLLY_USE_LIBCPP\=1 -Wno-comma -Wno-shorten-64-to-32 -DREACT_NATIVE_MINOR_VERSION\=83 -Wno-comma -Wno-shorten-64-to-32 -Wno-documentation -DRCT_NEW_ARCH_ENABLED\=1 -include /Users/cepl/Documents/GWLProjects/MahaVistaar-app/ios/Pods/Target\ Support\ Files/RNReanimated/RNReanimated-prefix.pch -MMD -MT dependencies -MF /Users/cepl/Library/Developer/Xcode/DerivedData/MahaVistaar-fftejvycvpanihalgfoabwgqljvt/Build/Intermediates.noindex/Pods.build/Debug-iphonesimulator/RNReanimated.build/Objects-normal/arm64/WorkletRuntimeDecorator.d --serialize-diagnostics /Users/cepl/Library/Developer/Xcode/DerivedData/MahaVistaar-fftejvycvpanihalgfoabwgqljvt/Build/Intermediates.noindex/Pods.build/Debug-iphonesimulator/RNReanimated.build/Objects-normal/arm64/WorkletRuntimeDecorator.dia -c /Users/cepl/Documents/GWLProjects/MahaVistaar-app/node_modules/react-native-reanimated/Common/cpp/ReanimatedRuntime/WorkletRuntimeDecorator.cpp -o /Users/cepl/Library/Developer/Xcode/DerivedData/MahaVistaar-fftejvycvpanihalgfoabwgqljvt/Build/Intermediates.noindex/Pods.build/Debug-iphonesimulator/RNReanimated.build/Objects-normal/arm64/WorkletRuntimeDecorator.o -index-unit-output-path /Pods.build/Debug-iphonesimulator/RNReanimated.build/Objects-normal/arm64/WorkletRuntimeDecorator.o
error \=non-modular-include-in-framework-module -Wno-trigraphs -Wno-missing-field-initializers -Wno-missing-prototypes -Werror\=return-type -Wdocumentation -Wunreachable-code -Werror\=deprecated-objc-isa-usage -Werror\=objc-root-class -Wno-non-virtual-dtor -Wno-overloaded-virtual -Wno-exit-time-destructors -Wno-missing-braces -Wparentheses -Wswitch -Wunused-function -Wno-unused-label -Wno-unused-parameter -Wunused-variable -Wunused-value -Wempty-body -Wuninitialized -Wconditional-uninitialized -Wno-unknown-pragmas -Wno-shadow -Wno-four-char-constants -Wno-conversion -Wconstant-conversion -Wint-conversion -Wbool-conversion -Wenum-conversion -Wno-float-conversion -Wnon-literal-null-conversion -Wobjc-literal-conversion -Wshorten-64-to-32 -Wno-newline-eof -Wno-c++11-extensions -Wno-implicit-fallthrough -fstrict-aliasing -Wdeprecated-declarations -Winvalid-offsetof -Wno-sign-conversion -Winfinite-recursion -Wmove -Wcomma -Wblock-capture-autoreleasing -Wstrict-prototypes -Wrange-loop-analysis -Wno-semicolon-before-method-body -Wunguarded-availability -index-store-path /Users/cepl/Library/Developer/Xcode/DerivedData/MahaVistaar-fftejvycvpanihalgfoabwgqljvt/Index.noindex/DataStore -Wno-comma -Wno-shorten-64-to-32 @/Users/cepl/Library/Developer/Xcode/DerivedData/MahaVistaar-fftejvycvpanihalgfoabwgqljvt/Build/Intermediates.noindex/Pods.build/Debug-iphonesimulator/RNReanimated.build/Objects-normal/arm64/82b82416624d2658e5098eb0a28c15c5-common-args.resp -DFOLLY_NO_CONFIG -DFOLLY_MOBILE\=1 -DFOLLY_USE_LIBCPP\=1 -Wno-comma -Wno-shorten-64-to-32 -DREACT_NATIVE_MINOR_VERSION\=83 -Wno-comma -Wno-shorten-64-to-32 -Wno-documentation -DRCT_NEW_ARCH_ENABLED\=1 -include /Users/cepl/Documents/GWLProjects/MahaVistaar-app/ios/Pods/Target\ Support\ Files/RNReanimated/RNReanimated-prefix.pch -MMD -MT dependencies -MF /Users/cepl/Library/Developer/Xcode/DerivedData/MahaVistaar-fftejvycvpanihalgfoabwgqljvt/Build/Intermediates.noindex/Pods.build/Debug-iphonesimulator/RNReanimated.build/Objects-normal/arm64/WorkletRuntime.d --serialize-diagnostics /Users/cepl/Library/Developer/Xcode/DerivedData/MahaVistaar-fftejvycvpanihalgfoabwgqljvt/Build/Intermediates.noindex/Pods.build/Debug-iphonesimulator/RNReanimated.build/Objects-normal/arm64/WorkletRuntime.dia -c /Users/cepl/Documents/GWLProjects/MahaVistaar-app/node_modules/react-native-reanimated/Common/cpp/ReanimatedRuntime/WorkletRuntime.cpp -o /Users/cepl/Library/Developer/Xcode/DerivedData/MahaVistaar-fftejvycvpanihalgfoabwgqljvt/Build/Intermediates.noindex/Pods.build/Debug-iphonesimulator/RNReanimated.build/Objects-normal/arm64/WorkletRuntime.o -index-unit-output-path /Pods.build/Debug-iphonesimulator/RNReanimated.build/Objects-normal/arm64/WorkletRuntime.o
error \=non-modular-include-in-framework-module -Wno-trigraphs -Wno-missing-field-initializers -Wno-missing-prototypes -Werror\=return-type -Wdocumentation -Wunreachable-code -Werror\=deprecated-objc-isa-usage -Werror\=objc-root-class -Wno-non-virtual-dtor -Wno-overloaded-virtual -Wno-exit-time-destructors -Wno-missing-braces -Wparentheses -Wswitch -Wunused-function -Wno-unused-label -Wno-unused-parameter -Wunused-variable -Wunused-value -Wempty-body -Wuninitialized -Wconditional-uninitialized -Wno-unknown-pragmas -Wno-shadow -Wno-four-char-constants -Wno-conversion -Wconstant-conversion -Wint-conversion -Wbool-conversion -Wenum-conversion -Wno-float-conversion -Wnon-literal-null-conversion -Wobjc-literal-conversion -Wshorten-64-to-32 -Wno-newline-eof -Wno-c++11-extensions -Wno-implicit-fallthrough -fstrict-aliasing -Wdeprecated-declarations -Winvalid-offsetof -Wno-sign-conversion -Winfinite-recursion -Wmove -Wcomma -Wblock-capture-autoreleasing -Wstrict-prototypes -Wrange-loop-analysis -Wno-semicolon-before-method-body -Wunguarded-availability -index-store-path /Users/cepl/Library/Developer/Xcode/DerivedData/MahaVistaar-fftejvycvpanihalgfoabwgqljvt/Index.noindex/DataStore -Wno-comma -Wno-shorten-64-to-32 @/Users/cepl/Library/Developer/Xcode/DerivedData/MahaVistaar-fftejvycvpanihalgfoabwgqljvt/Build/Intermediates.noindex/Pods.build/Debug-iphonesimulator/RNReanimated.build/Objects-normal/arm64/82b82416624d2658e5098eb0a28c15c5-common-args.resp -DFOLLY_NO_CONFIG -DFOLLY_MOBILE\=1 -DFOLLY_USE_LIBCPP\=1 -Wno-comma -Wno-shorten-64-to-32 -DREACT_NATIVE_MINOR_VERSION\=83 -Wno-comma -Wno-shorten-64-to-32 -Wno-documentation -DRCT_NEW_ARCH_ENABLED\=1 -include /Users/cepl/Documents/GWLProjects/MahaVistaar-app/ios/Pods/Target\ Support\ Files/RNReanimated/RNReanimated-prefix.pch -MMD -MT dependencies -MF /Users/cepl/Library/Developer/Xcode/DerivedData/MahaVistaar-fftejvycvpanihalgfoabwgqljvt/Build/Intermediates.noindex/Pods.build/Debug-iphonesimulator/RNReanimated.build/Objects-normal/arm64/WorkletEventHandler.d --serialize-diagnostics /Users/cepl/Library/Developer/Xcode/DerivedData/MahaVistaar-fftejvycvpanihalgfoabwgqljvt/Build/Intermediates.noindex/Pods.build/Debug-iphonesimulator/RNReanimated.build/Objects-normal/arm64/WorkletEventHandler.dia -c /Users/cepl/Documents/GWLProjects/MahaVistaar-app/node_modules/react-native-reanimated/Common/cpp/Tools/WorkletEventHandler.cpp -o /Users/cepl/Library/Developer/Xcode/DerivedData/MahaVistaar-fftejvycvpanihalgfoabwgqljvt/Build/Intermediates.noindex/Pods.build/Debug-iphonesimulator/RNReanimated.build/Objects-normal/arm64/WorkletEventHandler.o -index-unit-output-path /Pods.build/Debug-iphonesimulator/RNReanimated.build/Objects-normal/arm64/WorkletEventHandler.o
error \=non-modular-include-in-framework-module -Wno-trigraphs -Wno-missing-field-initializers -Wno-missing-prototypes -Werror\=return-type -Wdocumentation -Wunreachable-code -Werror\=deprecated-objc-isa-usage -Werror\=objc-root-class -Wno-non-virtual-dtor -Wno-overloaded-virtual -Wno-exit-time-destructors -Wno-missing-braces -Wparentheses -Wswitch -Wunused-function -Wno-unused-label -Wno-unused-parameter -Wunused-variable -Wunused-value -Wempty-body -Wuninitialized -Wconditional-uninitialized -Wno-unknown-pragmas -Wno-shadow -Wno-four-char-constants -Wno-conversion -Wconstant-conversion -Wint-conversion -Wbool-conversion -Wenum-conversion -Wno-float-conversion -Wnon-literal-null-conversion -Wobjc-literal-conversion -Wshorten-64-to-32 -Wno-newline-eof -Wno-c++11-extensions -Wno-implicit-fallthrough -fstrict-aliasing -Wdeprecated-declarations -Winvalid-offsetof -Wno-sign-conversion -Winfinite-recursion -Wmove -Wcomma -Wblock-capture-autoreleasing -Wstrict-prototypes -Wrange-loop-analysis -Wno-semicolon-before-method-body -Wunguarded-availability -index-store-path /Users/cepl/Library/Developer/Xcode/DerivedData/MahaVistaar-fftejvycvpanihalgfoabwgqljvt/Index.noindex/DataStore -Wno-comma -Wno-shorten-64-to-32 @/Users/cepl/Library/Developer/Xcode/DerivedData/MahaVistaar-fftejvycvpanihalgfoabwgqljvt/Build/Intermediates.noindex/Pods.build/Debug-iphonesimulator/RNReanimated.build/Objects-normal/arm64/82b82416624d2658e5098eb0a28c15c5-common-args.resp -DFOLLY_NO_CONFIG -DFOLLY_MOBILE\=1 -DFOLLY_USE_LIBCPP\=1 -Wno-comma -Wno-shorten-64-to-32 -DREACT_NATIVE_MINOR_VERSION\=83 -Wno-comma -Wno-shorten-64-to-32 -Wno-documentation -DRCT_NEW_ARCH_ENABLED\=1 -include /Users/cepl/Documents/GWLProjects/MahaVistaar-app/ios/Pods/Target\ Support\ Files/RNReanimated/RNReanimated-prefix.pch -MMD -MT dependencies -MF /Users/cepl/Library/Developer/Xcode/DerivedData/MahaVistaar-fftejvycvpanihalgfoabwgqljvt/Build/Intermediates.noindex/Pods.build/Debug-iphonesimulator/RNReanimated.build/Objects-normal/arm64/UIScheduler.d --serialize-diagnostics /Users/cepl/Library/Developer/Xcode/DerivedData/MahaVistaar-fftejvycvpanihalgfoabwgqljvt/Build/Intermediates.noindex/Pods.build/Debug-iphonesimulator/RNReanimated.build/Objects-normal/arm64/UIScheduler.dia -c /Users/cepl/Documents/GWLProjects/MahaVistaar-app/node_modules/react-native-reanimated/Common/cpp/Tools/UIScheduler.cpp -o /Users/cepl/Library/Developer/Xcode/DerivedData/MahaVistaar-fftejvycvpanihalgfoabwgqljvt/Build/Intermediates.noindex/Pods.build/Debug-iphonesimulator/RNReanimated.build/Objects-normal/arm64/UIScheduler.o -index-unit-output-path /Pods.build/Debug-iphonesimulator/RNReanimated.build/Objects-normal/arm64/UIScheduler.o
error \=non-modular-include-in-framework-module -Wno-trigraphs -Wno-missing-field-initializers -Wno-missing-prototypes -Werror\=return-type -Wdocumentation -Wunreachable-code -Werror\=deprecated-objc-isa-usage -Werror\=objc-root-class -Wno-non-virtual-dtor -Wno-overloaded-virtual -Wno-exit-time-destructors -Wno-missing-braces -Wparentheses -Wswitch -Wunused-function -Wno-unused-label -Wno-unused-parameter -Wunused-variable -Wunused-value -Wempty-body -Wuninitialized -Wconditional-uninitialized -Wno-unknown-pragmas -Wno-shadow -Wno-four-char-constants -Wno-conversion -Wconstant-conversion -Wint-conversion -Wbool-conversion -Wenum-conversion -Wno-float-conversion -Wnon-literal-null-conversion -Wobjc-literal-conversion -Wshorten-64-to-32 -Wno-newline-eof -Wno-c++11-extensions -Wno-implicit-fallthrough -fstrict-aliasing -Wdeprecated-declarations -Winvalid-offsetof -Wno-sign-conversion -Winfinite-recursion -Wmove -Wcomma -Wblock-capture-autoreleasing -Wstrict-prototypes -Wrange-loop-analysis -Wno-semicolon-before-method-body -Wunguarded-availability -index-store-path /Users/cepl/Library/Developer/Xcode/DerivedData/MahaVistaar-fftejvycvpanihalgfoabwgqljvt/Index.noindex/DataStore -Wno-comma -Wno-shorten-64-to-32 @/Users/cepl/Library/Developer/Xcode/DerivedData/MahaVistaar-fftejvycvpanihalgfoabwgqljvt/Build/Intermediates.noindex/Pods.build/Debug-iphonesimulator/RNReanimated.build/Objects-normal/arm64/82b82416624d2658e5098eb0a28c15c5-common-args.resp -DFOLLY_NO_CONFIG -DFOLLY_MOBILE\=1 -DFOLLY_USE_LIBCPP\=1 -Wno-comma -Wno-shorten-64-to-32 -DREACT_NATIVE_MINOR_VERSION\=83 -Wno-comma -Wno-shorten-64-to-32 -Wno-documentation -DRCT_NEW_ARCH_ENABLED\=1 -include /Users/cepl/Documents/GWLProjects/MahaVistaar-app/ios/Pods/Target\ Support\ Files/RNReanimated/RNReanimated-prefix.pch -MMD -MT dependencies -MF /Users/cepl/Library/Developer/Xcode/DerivedData/MahaVistaar-fftejvycvpanihalgfoabwgqljvt/Build/Intermediates.noindex/Pods.build/Debug-iphonesimulator/RNReanimated.build/Objects-normal/arm64/UIRuntimeDecorator.d --serialize-diagnostics /Users/cepl/Library/Developer/Xcode/DerivedData/MahaVistaar-fftejvycvpanihalgfoabwgqljvt/Build/Intermediates.noindex/Pods.build/Debug-iphonesimulator/RNReanimated.build/Objects-normal/arm64/UIRuntimeDecorator.dia -c /Users/cepl/Documents/GWLProjects/MahaVistaar-app/node_modules/react-native-reanimated/Common/cpp/Tools/UIRuntimeDecorator.cpp -o /Users/cepl/Library/Developer/Xcode/DerivedData/MahaVistaar-fftejvycvpanihalgfoabwgqljvt/Build/Intermediates.noindex/Pods.build/Debug-iphonesimulator/RNReanimated.build/Objects-normal/arm64/UIRuntimeDecorator.o -index-unit-output-path /Pods.build/Debug-iphonesimulator/RNReanimated.build/Objects-normal/arm64/UIRuntimeDecorator.o
error \=non-modular-include-in-framework-module -Wno-trigraphs -Wno-missing-field-initializers -Wno-missing-prototypes -Werror\=return-type -Wdocumentation -Wunreachable-code -Werror\=deprecated-objc-isa-usage -Werror\=objc-root-class -Wno-non-virtual-dtor -Wno-overloaded-virtual -Wno-exit-time-destructors -Wno-missing-braces -Wparentheses -Wswitch -Wunused-function -Wno-unused-label -Wno-unused-parameter -Wunused-variable -Wunused-value -Wempty-body -Wuninitialized -Wconditional-uninitialized -Wno-unknown-pragmas -Wno-shadow -Wno-four-char-constants -Wno-conversion -Wconstant-conversion -Wint-conversion -Wbool-conversion -Wenum-conversion -Wno-float-conversion -Wnon-literal-null-conversion -Wobjc-literal-conversion -Wshorten-64-to-32 -Wno-newline-eof -Wno-c++11-extensions -Wno-implicit-fallthrough -fstrict-aliasing -Wdeprecated-declarations -Winvalid-offsetof -Wno-sign-conversion -Winfinite-recursion -Wmove -Wcomma -Wblock-capture-autoreleasing -Wstrict-prototypes -Wrange-loop-analysis -Wno-semicolon-before-method-body -Wunguarded-availability -index-store-path /Users/cepl/Library/Developer/Xcode/DerivedData/MahaVistaar-fftejvycvpanihalgfoabwgqljvt/Index.noindex/DataStore -Wno-comma -Wno-shorten-64-to-32 @/Users/cepl/Library/Developer/Xcode/DerivedData/MahaVistaar-fftejvycvpanihalgfoabwgqljvt/Build/Intermediates.noindex/Pods.build/Debug-iphonesimulator/RNReanimated.build/Objects-normal/arm64/82b82416624d2658e5098eb0a28c15c5-common-args.resp -DFOLLY_NO_CONFIG -DFOLLY_MOBILE\=1 -DFOLLY_USE_LIBCPP\=1 -Wno-comma -Wno-shorten-64-to-32 -DREACT_NATIVE_MINOR_VERSION\=83 -Wno-comma -Wno-shorten-64-to-32 -Wno-documentation -DRCT_NEW_ARCH_ENABLED\=1 -include /Users/cepl/Documents/GWLProjects/MahaVistaar-app/ios/Pods/Target\ Support\ Files/RNReanimated/RNReanimated-prefix.pch -MMD -MT dependencies -MF /Users/cepl/Library/Developer/Xcode/DerivedData/MahaVistaar-fftejvycvpanihalgfoabwgqljvt/Build/Intermediates.noindex/Pods.build/Debug-iphonesimulator/RNReanimated.build/Objects-normal/arm64/ShadowTreeCloner.d --serialize-diagnostics /Users/cepl/Library/Developer/Xcode/DerivedData/MahaVistaar-fftejvycvpanihalgfoabwgqljvt/Build/Intermediates.noindex/Pods.build/Debug-iphonesimulator/RNReanimated.build/Objects-normal/arm64/ShadowTreeCloner.dia -c /Users/cepl/Documents/GWLProjects/MahaVistaar-app/node_modules/react-native-reanimated/Common/cpp/Fabric/ShadowTreeCloner.cpp -o /Users/cepl/Library/Developer/Xcode/DerivedData/MahaVistaar-fftejvycvpanihalgfoabwgqljvt/Build/Intermediates.noindex/Pods.build/Debug-iphonesimulator/RNReanimated.build/Objects-normal/arm64/ShadowTreeCloner.o -index-unit-output-path /Pods.build/Debug-iphonesimulator/RNReanimated.build/Objects-normal/arm64/ShadowTreeCloner.o
error no matching constructor for initialization of 'RawProps'
error generated.
error \=non-modular-include-in-framework-module -Wno-trigraphs -Wno-missing-field-initializers -Wno-missing-prototypes -Werror\=return-type -Wdocumentation -Wunreachable-code -Werror\=deprecated-objc-isa-usage -Werror\=objc-root-class -Wno-non-virtual-dtor -Wno-overloaded-virtual -Wno-exit-time-destructors -Wno-missing-braces -Wparentheses -Wswitch -Wunused-function -Wno-unused-label -Wno-unused-parameter -Wunused-variable -Wunused-value -Wempty-body -Wuninitialized -Wconditional-uninitialized -Wno-unknown-pragmas -Wno-shadow -Wno-four-char-constants -Wno-conversion -Wconstant-conversion -Wint-conversion -Wbool-conversion -Wenum-conversion -Wno-float-conversion -Wnon-literal-null-conversion -Wobjc-literal-conversion -Wshorten-64-to-32 -Wno-newline-eof -Wno-c++11-extensions -Wno-implicit-fallthrough -fstrict-aliasing -Wdeprecated-declarations -Winvalid-offsetof -Wno-sign-conversion -Winfinite-recursion -Wmove -Wcomma -Wblock-capture-autoreleasing -Wstrict-prototypes -Wrange-loop-analysis -Wno-semicolon-before-method-body -Wunguarded-availability -index-store-path /Users/cepl/Library/Developer/Xcode/DerivedData/MahaVistaar-fftejvycvpanihalgfoabwgqljvt/Index.noindex/DataStore -Wno-comma -Wno-shorten-64-to-32 @/Users/cepl/Library/Developer/Xcode/DerivedData/MahaVistaar-fftejvycvpanihalgfoabwgqljvt/Build/Intermediates.noindex/Pods.build/Debug-iphonesimulator/RNReanimated.build/Objects-normal/arm64/82b82416624d2658e5098eb0a28c15c5-common-args.resp -DFOLLY_NO_CONFIG -DFOLLY_MOBILE\=1 -DFOLLY_USE_LIBCPP\=1 -Wno-comma -Wno-shorten-64-to-32 -DREACT_NATIVE_MINOR_VERSION\=83 -Wno-comma -Wno-shorten-64-to-32 -Wno-documentation -DRCT_NEW_ARCH_ENABLED\=1 -include /Users/cepl/Documents/GWLProjects/MahaVistaar-app/ios/Pods/Target\ Support\ Files/RNReanimated/RNReanimated-prefix.pch -MMD -MT dependencies -MF /Users/cepl/Library/Developer/Xcode/DerivedData/MahaVistaar-fftejvycvpanihalgfoabwgqljvt/Build/Intermediates.noindex/Pods.build/Debug-iphonesimulator/RNReanimated.build/Objects-normal/arm64/ReanimatedRuntime.d --serialize-diagnostics /Users/cepl/Library/Developer/Xcode/DerivedData/MahaVistaar-fftejvycvpanihalgfoabwgqljvt/Build/Intermediates.noindex/Pods.build/Debug-iphonesimulator/RNReanimated.build/Objects-normal/arm64/ReanimatedRuntime.dia -c /Users/cepl/Documents/GWLProjects/MahaVistaar-app/node_modules/react-native-reanimated/Common/cpp/ReanimatedRuntime/ReanimatedRuntime.cpp -o /Users/cepl/Library/Developer/Xcode/DerivedData/MahaVistaar-fftejvycvpanihalgfoabwgqljvt/Build/Intermediates.noindex/Pods.build/Debug-iphonesimulator/RNReanimated.build/Objects-normal/arm64/ReanimatedRuntime.o -index-unit-output-path /Pods.build/Debug-iphonesimulator/RNReanimated.build/Objects-normal/arm64/ReanimatedRuntime.o
error \=non-modular-include-in-framework-module -Wno-trigraphs -Wno-missing-field-initializers -Wno-missing-prototypes -Werror\=return-type -Wdocumentation -Wunreachable-code -Werror\=deprecated-objc-isa-usage -Werror\=objc-root-class -Wno-non-virtual-dtor -Wno-overloaded-virtual -Wno-exit-time-destructors -Wno-missing-braces -Wparentheses -Wswitch -Wunused-function -Wno-unused-label -Wno-unused-parameter -Wunused-variable -Wunused-value -Wempty-body -Wuninitialized -Wconditional-uninitialized -Wno-unknown-pragmas -Wno-shadow -Wno-four-char-constants -Wno-conversion -Wconstant-conversion -Wint-conversion -Wbool-conversion -Wenum-conversion -Wno-float-conversion -Wnon-literal-null-conversion -Wobjc-literal-conversion -Wshorten-64-to-32 -Wno-newline-eof -Wno-c++11-extensions -Wno-implicit-fallthrough -fstrict-aliasing -Wdeprecated-declarations -Winvalid-offsetof -Wno-sign-conversion -Winfinite-recursion -Wmove -Wcomma -Wblock-capture-autoreleasing -Wstrict-prototypes -Wrange-loop-analysis -Wno-semicolon-before-method-body -Wunguarded-availability -index-store-path /Users/cepl/Library/Developer/Xcode/DerivedData/MahaVistaar-fftejvycvpanihalgfoabwgqljvt/Index.noindex/DataStore -Wno-comma -Wno-shorten-64-to-32 @/Users/cepl/Library/Developer/Xcode/DerivedData/MahaVistaar-fftejvycvpanihalgfoabwgqljvt/Build/Intermediates.noindex/Pods.build/Debug-iphonesimulator/RNReanimated.build/Objects-normal/arm64/82b82416624d2658e5098eb0a28c15c5-common-args.resp -DFOLLY_NO_CONFIG -DFOLLY_MOBILE\=1 -DFOLLY_USE_LIBCPP\=1 -Wno-comma -Wno-shorten-64-to-32 -DREACT_NATIVE_MINOR_VERSION\=83 -Wno-comma -Wno-shorten-64-to-32 -Wno-documentation -DRCT_NEW_ARCH_ENABLED\=1 -include /Users/cepl/Documents/GWLProjects/MahaVistaar-app/ios/Pods/Target\ Support\ Files/RNReanimated/RNReanimated-prefix.pch -MMD -MT dependencies -MF /Users/cepl/Library/Developer/Xcode/DerivedData/MahaVistaar-fftejvycvpanihalgfoabwgqljvt/Build/Intermediates.noindex/Pods.build/Debug-iphonesimulator/RNReanimated.build/Objects-normal/arm64/ReanimatedMountHook.d --serialize-diagnostics /Users/cepl/Library/Developer/Xcode/DerivedData/MahaVistaar-fftejvycvpanihalgfoabwgqljvt/Build/Intermediates.noindex/Pods.build/Debug-iphonesimulator/RNReanimated.build/Objects-normal/arm64/ReanimatedMountHook.dia -c /Users/cepl/Documents/GWLProjects/MahaVistaar-app/node_modules/react-native-reanimated/Common/cpp/Fabric/ReanimatedMountHook.cpp -o /Users/cepl/Library/Developer/Xcode/DerivedData/MahaVistaar-fftejvycvpanihalgfoabwgqljvt/Build/Intermediates.noindex/Pods.build/Debug-iphonesimulator/RNReanimated.build/Objects-normal/arm64/ReanimatedMountHook.o -index-unit-output-path /Pods.build/Debug-iphonesimulator/RNReanimated.build/Objects-normal/arm64/ReanimatedMountHook.o
error \=non-modular-include-in-framework-module -Wno-trigraphs -Wno-missing-field-initializers -Wno-missing-prototypes -Werror\=return-type -Wdocumentation -Wunreachable-code -Werror\=deprecated-objc-isa-usage -Werror\=objc-root-class -Wno-non-virtual-dtor -Wno-overloaded-virtual -Wno-exit-time-destructors -Wno-missing-braces -Wparentheses -Wswitch -Wunused-function -Wno-unused-label -Wno-unused-parameter -Wunused-variable -Wunused-value -Wempty-body -Wuninitialized -Wconditional-uninitialized -Wno-unknown-pragmas -Wno-shadow -Wno-four-char-constants -Wno-conversion -Wconstant-conversion -Wint-conversion -Wbool-conversion -Wenum-conversion -Wno-float-conversion -Wnon-literal-null-conversion -Wobjc-literal-conversion -Wshorten-64-to-32 -Wno-newline-eof -Wno-c++11-extensions -Wno-implicit-fallthrough -fstrict-aliasing -Wdeprecated-declarations -Winvalid-offsetof -Wno-sign-conversion -Winfinite-recursion -Wmove -Wcomma -Wblock-capture-autoreleasing -Wstrict-prototypes -Wrange-loop-analysis -Wno-semicolon-before-method-body -Wunguarded-availability -index-store-path /Users/cepl/Library/Developer/Xcode/DerivedData/MahaVistaar-fftejvycvpanihalgfoabwgqljvt/Index.noindex/DataStore -Wno-comma -Wno-shorten-64-to-32 @/Users/cepl/Library/Developer/Xcode/DerivedData/MahaVistaar-fftejvycvpanihalgfoabwgqljvt/Build/Intermediates.noindex/Pods.build/Debug-iphonesimulator/RNReanimated.build/Objects-normal/arm64/82b82416624d2658e5098eb0a28c15c5-common-args.resp -DFOLLY_NO_CONFIG -DFOLLY_MOBILE\=1 -DFOLLY_USE_LIBCPP\=1 -Wno-comma -Wno-shorten-64-to-32 -DREACT_NATIVE_MINOR_VERSION\=83 -Wno-comma -Wno-shorten-64-to-32 -Wno-documentation -DRCT_NEW_ARCH_ENABLED\=1 -include /Users/cepl/Documents/GWLProjects/MahaVistaar-app/ios/Pods/Target\ Support\ Files/RNReanimated/RNReanimated-prefix.pch -MMD -MT dependencies -MF /Users/cepl/Library/Developer/Xcode/DerivedData/MahaVistaar-fftejvycvpanihalgfoabwgqljvt/Build/Intermediates.noindex/Pods.build/Debug-iphonesimulator/RNReanimated.build/Objects-normal/arm64/ReanimatedHermesRuntime.d --serialize-diagnostics /Users/cepl/Library/Developer/Xcode/DerivedData/MahaVistaar-fftejvycvpanihalgfoabwgqljvt/Build/Intermediates.noindex/Pods.build/Debug-iphonesimulator/RNReanimated.build/Objects-normal/arm64/ReanimatedHermesRuntime.dia -c /Users/cepl/Documents/GWLProjects/MahaVistaar-app/node_modules/react-native-reanimated/Common/cpp/ReanimatedRuntime/ReanimatedHermesRuntime.cpp -o /Users/cepl/Library/Developer/Xcode/DerivedData/MahaVistaar-fftejvycvpanihalgfoabwgqljvt/Build/Intermediates.noindex/Pods.build/Debug-iphonesimulator/RNReanimated.build/Objects-normal/arm64/ReanimatedHermesRuntime.o -index-unit-output-path /Pods.build/Debug-iphonesimulator/RNReanimated.build/Objects-normal/arm64/ReanimatedHermesRuntime.o
error \=non-modular-include-in-framework-module -Wno-trigraphs -Wno-missing-field-initializers -Wno-missing-prototypes -Werror\=return-type -Wdocumentation -Wunreachable-code -Werror\=deprecated-objc-isa-usage -Werror\=objc-root-class -Wno-non-virtual-dtor -Wno-overloaded-virtual -Wno-exit-time-destructors -Wno-missing-braces -Wparentheses -Wswitch -Wunused-function -Wno-unused-label -Wno-unused-parameter -Wunused-variable -Wunused-value -Wempty-body -Wuninitialized -Wconditional-uninitialized -Wno-unknown-pragmas -Wno-shadow -Wno-four-char-constants -Wno-conversion -Wconstant-conversion -Wint-conversion -Wbool-conversion -Wenum-conversion -Wno-float-conversion -Wnon-literal-null-conversion -Wobjc-literal-conversion -Wshorten-64-to-32 -Wno-newline-eof -Wno-c++11-extensions -Wno-implicit-fallthrough -fstrict-aliasing -Wdeprecated-declarations -Winvalid-offsetof -Wno-sign-conversion -Winfinite-recursion -Wmove -Wcomma -Wblock-capture-autoreleasing -Wstrict-prototypes -Wrange-loop-analysis -Wno-semicolon-before-method-body -Wunguarded-availability -index-store-path /Users/cepl/Library/Developer/Xcode/DerivedData/MahaVistaar-fftejvycvpanihalgfoabwgqljvt/Index.noindex/DataStore -Wno-comma -Wno-shorten-64-to-32 @/Users/cepl/Library/Developer/Xcode/DerivedData/MahaVistaar-fftejvycvpanihalgfoabwgqljvt/Build/Intermediates.noindex/Pods.build/Debug-iphonesimulator/RNReanimated.build/Objects-normal/arm64/82b82416624d2658e5098eb0a28c15c5-common-args.resp -DFOLLY_NO_CONFIG -DFOLLY_MOBILE\=1 -DFOLLY_USE_LIBCPP\=1 -Wno-comma -Wno-shorten-64-to-32 -DREACT_NATIVE_MINOR_VERSION\=83 -Wno-comma -Wno-shorten-64-to-32 -Wno-documentation -DRCT_NEW_ARCH_ENABLED\=1 -include /Users/cepl/Documents/GWLProjects/MahaVistaar-app/ios/Pods/Target\ Support\ Files/RNReanimated/RNReanimated-prefix.pch -MMD -MT dependencies -MF /Users/cepl/Library/Developer/Xcode/DerivedData/MahaVistaar-fftejvycvpanihalgfoabwgqljvt/Build/Intermediates.noindex/Pods.build/Debug-iphonesimulator/RNReanimated.build/Objects-normal/arm64/ReanimatedCommitHook.d --serialize-diagnostics /Users/cepl/Library/Developer/Xcode/DerivedData/MahaVistaar-fftejvycvpanihalgfoabwgqljvt/Build/Intermediates.noindex/Pods.build/Debug-iphonesimulator/RNReanimated.build/Objects-normal/arm64/ReanimatedCommitHook.dia -c /Users/cepl/Documents/GWLProjects/MahaVistaar-app/node_modules/react-native-reanimated/Common/cpp/Fabric/ReanimatedCommitHook.cpp -o /Users/cepl/Library/Developer/Xcode/DerivedData/MahaVistaar-fftejvycvpanihalgfoabwgqljvt/Build/Intermediates.noindex/Pods.build/Debug-iphonesimulator/RNReanimated.build/Objects-normal/arm64/ReanimatedCommitHook.o -index-unit-output-path /Pods.build/Debug-iphonesimulator/RNReanimated.build/Objects-normal/arm64/ReanimatedCommitHook.o
error \=non-modular-include-in-framework-module -Wno-trigraphs -Wno-missing-field-initializers -Wno-missing-prototypes -Werror\=return-type -Wdocumentation -Wunreachable-code -Werror\=deprecated-objc-isa-usage -Werror\=objc-root-class -Wno-non-virtual-dtor -Wno-overloaded-virtual -Wno-exit-time-destructors -Wno-missing-braces -Wparentheses -Wswitch -Wunused-function -Wno-unused-label -Wno-unused-parameter -Wunused-variable -Wunused-value -Wempty-body -Wuninitialized -Wconditional-uninitialized -Wno-unknown-pragmas -Wno-shadow -Wno-four-char-constants -Wno-conversion -Wconstant-conversion -Wint-conversion -Wbool-conversion -Wenum-conversion -Wno-float-conversion -Wnon-literal-null-conversion -Wobjc-literal-conversion -Wshorten-64-to-32 -Wno-newline-eof -Wno-c++11-extensions -Wno-implicit-fallthrough -fstrict-aliasing -Wdeprecated-declarations -Winvalid-offsetof -Wno-sign-conversion -Winfinite-recursion -Wmove -Wcomma -Wblock-capture-autoreleasing -Wstrict-prototypes -Wrange-loop-analysis -Wno-semicolon-before-method-body -Wunguarded-availability -index-store-path /Users/cepl/Library/Developer/Xcode/DerivedData/MahaVistaar-fftejvycvpanihalgfoabwgqljvt/Index.noindex/DataStore -Wno-comma -Wno-shorten-64-to-32 @/Users/cepl/Library/Developer/Xcode/DerivedData/MahaVistaar-fftejvycvpanihalgfoabwgqljvt/Build/Intermediates.noindex/Pods.build/Debug-iphonesimulator/RNReanimated.build/Objects-normal/arm64/82b82416624d2658e5098eb0a28c15c5-common-args.resp -DFOLLY_NO_CONFIG -DFOLLY_MOBILE\=1 -DFOLLY_USE_LIBCPP\=1 -Wno-comma -Wno-shorten-64-to-32 -DREACT_NATIVE_MINOR_VERSION\=83 -Wno-comma -Wno-shorten-64-to-32 -Wno-documentation -DRCT_NEW_ARCH_ENABLED\=1 -include /Users/cepl/Documents/GWLProjects/MahaVistaar-app/ios/Pods/Target\ Support\ Files/RNReanimated/RNReanimated-prefix.pch -MMD -MT dependencies -MF /Users/cepl/Library/Developer/Xcode/DerivedData/MahaVistaar-fftejvycvpanihalgfoabwgqljvt/Build/Intermediates.noindex/Pods.build/Debug-iphonesimulator/RNReanimated.build/Objects-normal/arm64/RNRuntimeDecorator.d --serialize-diagnostics /Users/cepl/Library/Developer/Xcode/DerivedData/MahaVistaar-fftejvycvpanihalgfoabwgqljvt/Build/Intermediates.noindex/Pods.build/Debug-iphonesimulator/RNReanimated.build/Objects-normal/arm64/RNRuntimeDecorator.dia -c /Users/cepl/Documents/GWLProjects/MahaVistaar-app/node_modules/react-native-reanimated/Common/cpp/ReanimatedRuntime/RNRuntimeDecorator.cpp -o /Users/cepl/Library/Developer/Xcode/DerivedData/MahaVistaar-fftejvycvpanihalgfoabwgqljvt/Build/Intermediates.noindex/Pods.build/Debug-iphonesimulator/RNReanimated.build/Objects-normal/arm64/RNRuntimeDecorator.o -index-unit-output-path /Pods.build/Debug-iphonesimulator/RNReanimated.build/Objects-normal/arm64/RNRuntimeDecorator.o
error \=non-modular-include-in-framework-module -Wno-trigraphs -Wno-missing-field-initializers -Wno-missing-prototypes -Werror\=return-type -Wdocumentation -Wunreachable-code -Wno-implicit-atomic-properties -Werror\=deprecated-objc-isa-usage -Wno-objc-interface-ivars -Werror\=objc-root-class -Wno-arc-repeated-use-of-weak -Wimplicit-retain-self -Wno-non-virtual-dtor -Wno-overloaded-virtual -Wno-exit-time-destructors -Wduplicate-method-match -Wno-missing-braces -Wparentheses -Wswitch -Wunused-function -Wno-unused-label -Wno-unused-parameter -Wunused-variable -Wunused-value -Wempty-body -Wuninitialized -Wconditional-uninitialized -Wno-unknown-pragmas -Wno-shadow -Wno-four-char-constants -Wno-conversion -Wconstant-conversion -Wint-conversion -Wbool-conversion -Wenum-conversion -Wno-float-conversion -Wnon-literal-null-conversion -Wobjc-literal-conversion -Wshorten-64-to-32 -Wno-newline-eof -Wno-selector -Wno-strict-selector-match -Wundeclared-selector -Wdeprecated-implementations -Wno-c++11-extensions -Wno-implicit-fallthrough -fstrict-aliasing -Wprotocol -Wdeprecated-declarations -Winvalid-offsetof -Wno-sign-conversion -Winfinite-recursion -Wmove -Wcomma -Wblock-capture-autoreleasing -Wstrict-prototypes -Wrange-loop-analysis -Wno-semicolon-before-method-body -Wunguarded-availability -index-store-path /Users/cepl/Library/Developer/Xcode/DerivedData/MahaVistaar-fftejvycvpanihalgfoabwgqljvt/Index.noindex/DataStore -Wno-comma -Wno-shorten-64-to-32 @/Users/cepl/Library/Developer/Xcode/DerivedData/MahaVistaar-fftejvycvpanihalgfoabwgqljvt/Build/Intermediates.noindex/Pods.build/Debug-iphonesimulator/RNReanimated.build/Objects-normal/arm64/af3fcb34312c57c0f52879cdce924b91-common-args.resp -DFOLLY_NO_CONFIG -DFOLLY_MOBILE\=1 -DFOLLY_USE_LIBCPP\=1 -Wno-comma -Wno-shorten-64-to-32 -DREACT_NATIVE_MINOR_VERSION\=83 -Wno-comma -Wno-shorten-64-to-32 -Wno-documentation -DRCT_NEW_ARCH_ENABLED\=1 -include /Users/cepl/Documents/GWLProjects/MahaVistaar-app/ios/Pods/Target\ Support\ Files/RNReanimated/RNReanimated-prefix.pch -MMD -MT dependencies -MF /Users/cepl/Library/Developer/Xcode/DerivedData/MahaVistaar-fftejvycvpanihalgfoabwgqljvt/Build/Intermediates.noindex/Pods.build/Debug-iphonesimulator/RNReanimated.build/Objects-normal/arm64/REASwizzledUIManager.d --serialize-diagnostics /Users/cepl/Library/Developer/Xcode/DerivedData/MahaVistaar-fftejvycvpanihalgfoabwgqljvt/Build/Intermediates.noindex/Pods.build/Debug-iphonesimulator/RNReanimated.build/Objects-normal/arm64/REASwizzledUIManager.dia -c /Users/cepl/Documents/GWLProjects/MahaVistaar-app/node_modules/react-native-reanimated/apple/LayoutReanimation/REASwizzledUIManager.mm -o /Users/cepl/Library/Developer/Xcode/DerivedData/MahaVistaar-fftejvycvpanihalgfoabwgqljvt/Build/Intermediates.noindex/Pods.build/Debug-iphonesimulator/RNReanimated.build/Objects-normal/arm64/REASwizzledUIManager.o -index-unit-output-path /Pods.build/Debug-iphonesimulator/RNReanimated.build/Objects-normal/arm64/REASwizzledUIManager.o
error \=non-modular-include-in-framework-module -Wno-trigraphs -Wno-missing-field-initializers -Wno-missing-prototypes -Werror\=return-type -Wdocumentation -Wunreachable-code -Wno-implicit-atomic-properties -Werror\=deprecated-objc-isa-usage -Wno-objc-interface-ivars -Werror\=objc-root-class -Wno-arc-repeated-use-of-weak -Wimplicit-retain-self -Wno-non-virtual-dtor -Wno-overloaded-virtual -Wno-exit-time-destructors -Wduplicate-method-match -Wno-missing-braces -Wparentheses -Wswitch -Wunused-function -Wno-unused-label -Wno-unused-parameter -Wunused-variable -Wunused-value -Wempty-body -Wuninitialized -Wconditional-uninitialized -Wno-unknown-pragmas -Wno-shadow -Wno-four-char-constants -Wno-conversion -Wconstant-conversion -Wint-conversion -Wbool-conversion -Wenum-conversion -Wno-float-conversion -Wnon-literal-null-conversion -Wobjc-literal-conversion -Wshorten-64-to-32 -Wno-newline-eof -Wno-selector -Wno-strict-selector-match -Wundeclared-selector -Wdeprecated-implementations -Wno-c++11-extensions -Wno-implicit-fallthrough -fstrict-aliasing -Wprotocol -Wdeprecated-declarations -Winvalid-offsetof -Wno-sign-conversion -Winfinite-recursion -Wmove -Wcomma -Wblock-capture-autoreleasing -Wstrict-prototypes -Wrange-loop-analysis -Wno-semicolon-before-method-body -Wunguarded-availability -index-store-path /Users/cepl/Library/Developer/Xcode/DerivedData/MahaVistaar-fftejvycvpanihalgfoabwgqljvt/Index.noindex/DataStore -Wno-comma -Wno-shorten-64-to-32 @/Users/cepl/Library/Developer/Xcode/DerivedData/MahaVistaar-fftejvycvpanihalgfoabwgqljvt/Build/Intermediates.noindex/Pods.build/Debug-iphonesimulator/RNReanimated.build/Objects-normal/arm64/af3fcb34312c57c0f52879cdce924b91-common-args.resp -DFOLLY_NO_CONFIG -DFOLLY_MOBILE\=1 -DFOLLY_USE_LIBCPP\=1 -Wno-comma -Wno-shorten-64-to-32 -DREACT_NATIVE_MINOR_VERSION\=83 -Wno-comma -Wno-shorten-64-to-32 -Wno-documentation -DRCT_NEW_ARCH_ENABLED\=1 -include /Users/cepl/Documents/GWLProjects/MahaVistaar-app/ios/Pods/Target\ Support\ Files/RNReanimated/RNReanimated-prefix.pch -MMD -MT dependencies -MF /Users/cepl/Library/Developer/Xcode/DerivedData/MahaVistaar-fftejvycvpanihalgfoabwgqljvt/Build/Intermediates.noindex/Pods.build/Debug-iphonesimulator/RNReanimated.build/Objects-normal/arm64/REANodesManager.d --serialize-diagnostics /Users/cepl/Library/Developer/Xcode/DerivedData/MahaVistaar-fftejvycvpanihalgfoabwgqljvt/Build/Intermediates.noindex/Pods.build/Debug-iphonesimulator/RNReanimated.build/Objects-normal/arm64/REANodesManager.dia -c /Users/cepl/Documents/GWLProjects/MahaVistaar-app/node_modules/react-native-reanimated/apple/REANodesManager.mm -o /Users/cepl/Library/Developer/Xcode/DerivedData/MahaVistaar-fftejvycvpanihalgfoabwgqljvt/Build/Intermediates.noindex/Pods.build/Debug-iphonesimulator/RNReanimated.build/Objects-normal/arm64/REANodesManager.o -index-unit-output-path /Pods.build/Debug-iphonesimulator/RNReanimated.build/Objects-normal/arm64/REANodesManager.o
error \=non-modular-include-in-framework-module -Wno-trigraphs -Wno-missing-field-initializers -Wno-missing-prototypes -Werror\=return-type -Wdocumentation -Wunreachable-code -Wno-implicit-atomic-properties -Werror\=deprecated-objc-isa-usage -Wno-objc-interface-ivars -Werror\=objc-root-class -Wno-arc-repeated-use-of-weak -Wimplicit-retain-self -Wno-non-virtual-dtor -Wno-overloaded-virtual -Wno-exit-time-destructors -Wduplicate-method-match -Wno-missing-braces -Wparentheses -Wswitch -Wunused-function -Wno-unused-label -Wno-unused-parameter -Wunused-variable -Wunused-value -Wempty-body -Wuninitialized -Wconditional-uninitialized -Wno-unknown-pragmas -Wno-shadow -Wno-four-char-constants -Wno-conversion -Wconstant-conversion -Wint-conversion -Wbool-conversion -Wenum-conversion -Wno-float-conversion -Wnon-literal-null-conversion -Wobjc-literal-conversion -Wshorten-64-to-32 -Wno-newline-eof -Wno-selector -Wno-strict-selector-match -Wundeclared-selector -Wdeprecated-implementations -Wno-c++11-extensions -Wno-implicit-fallthrough -fstrict-aliasing -Wprotocol -Wdeprecated-declarations -Winvalid-offsetof -Wno-sign-conversion -Winfinite-recursion -Wmove -Wcomma -Wblock-capture-autoreleasing -Wstrict-prototypes -Wrange-loop-analysis -Wno-semicolon-before-method-body -Wunguarded-availability -index-store-path /Users/cepl/Library/Developer/Xcode/DerivedData/MahaVistaar-fftejvycvpanihalgfoabwgqljvt/Index.noindex/DataStore -Wno-comma -Wno-shorten-64-to-32 @/Users/cepl/Library/Developer/Xcode/DerivedData/MahaVistaar-fftejvycvpanihalgfoabwgqljvt/Build/Intermediates.noindex/Pods.build/Debug-iphonesimulator/RNReanimated.build/Objects-normal/arm64/af3fcb34312c57c0f52879cdce924b91-common-args.resp -DFOLLY_NO_CONFIG -DFOLLY_MOBILE\=1 -DFOLLY_USE_LIBCPP\=1 -Wno-comma -Wno-shorten-64-to-32 -DREACT_NATIVE_MINOR_VERSION\=83 -Wno-comma -Wno-shorten-64-to-32 -Wno-documentation -DRCT_NEW_ARCH_ENABLED\=1 -include /Users/cepl/Documents/GWLProjects/MahaVistaar-app/ios/Pods/Target\ Support\ Files/RNReanimated/RNReanimated-prefix.pch -MMD -MT dependencies -MF /Users/cepl/Library/Developer/Xcode/DerivedData/MahaVistaar-fftejvycvpanihalgfoabwgqljvt/Build/Intermediates.noindex/Pods.build/Debug-iphonesimulator/RNReanimated.build/Objects-normal/arm64/REAModule.d --serialize-diagnostics /Users/cepl/Library/Developer/Xcode/DerivedData/MahaVistaar-fftejvycvpanihalgfoabwgqljvt/Build/Intermediates.noindex/Pods.build/Debug-iphonesimulator/RNReanimated.build/Objects-normal/arm64/REAModule.dia -c /Users/cepl/Documents/GWLProjects/MahaVistaar-app/node_modules/react-native-reanimated/apple/REAModule.mm -o /Users/cepl/Library/Developer/Xcode/DerivedData/MahaVistaar-fftejvycvpanihalgfoabwgqljvt/Build/Intermediates.noindex/Pods.build/Debug-iphonesimulator/RNReanimated.build/Objects-normal/arm64/REAModule.o -index-unit-output-path /Pods.build/Debug-iphonesimulator/RNReanimated.build/Objects-normal/arm64/REAModule.o
error \=non-modular-include-in-framework-module -Wno-trigraphs -Wno-missing-field-initializers -Wno-missing-prototypes -Werror\=return-type -Wdocumentation -Wunreachable-code -Wno-implicit-atomic-properties -Werror\=deprecated-objc-isa-usage -Wno-objc-interface-ivars -Werror\=objc-root-class -Wno-arc-repeated-use-of-weak -Wimplicit-retain-self -Wno-non-virtual-dtor -Wno-overloaded-virtual -Wno-exit-time-destructors -Wduplicate-method-match -Wno-missing-braces -Wparentheses -Wswitch -Wunused-function -Wno-unused-label -Wno-unused-parameter -Wunused-variable -Wunused-value -Wempty-body -Wuninitialized -Wconditional-uninitialized -Wno-unknown-pragmas -Wno-shadow -Wno-four-char-constants -Wno-conversion -Wconstant-conversion -Wint-conversion -Wbool-conversion -Wenum-conversion -Wno-float-conversion -Wnon-literal-null-conversion -Wobjc-literal-conversion -Wshorten-64-to-32 -Wno-newline-eof -Wno-selector -Wno-strict-selector-match -Wundeclared-selector -Wdeprecated-implementations -Wno-c++11-extensions -Wno-implicit-fallthrough -fstrict-aliasing -Wprotocol -Wdeprecated-declarations -Winvalid-offsetof -Wno-sign-conversion -Winfinite-recursion -Wmove -Wcomma -Wblock-capture-autoreleasing -Wstrict-prototypes -Wrange-loop-analysis -Wno-semicolon-before-method-body -Wunguarded-availability -index-store-path /Users/cepl/Library/Developer/Xcode/DerivedData/MahaVistaar-fftejvycvpanihalgfoabwgqljvt/Index.noindex/DataStore -Wno-comma -Wno-shorten-64-to-32 @/Users/cepl/Library/Developer/Xcode/DerivedData/MahaVistaar-fftejvycvpanihalgfoabwgqljvt/Build/Intermediates.noindex/Pods.build/Debug-iphonesimulator/RNReanimated.build/Objects-normal/arm64/af3fcb34312c57c0f52879cdce924b91-common-args.resp -DFOLLY_NO_CONFIG -DFOLLY_MOBILE\=1 -DFOLLY_USE_LIBCPP\=1 -Wno-comma -Wno-shorten-64-to-32 -DREACT_NATIVE_MINOR_VERSION\=83 -Wno-comma -Wno-shorten-64-to-32 -Wno-documentation -DRCT_NEW_ARCH_ENABLED\=1 -include /Users/cepl/Documents/GWLProjects/MahaVistaar-app/ios/Pods/Target\ Support\ Files/RNReanimated/RNReanimated-prefix.pch -MMD -MT dependencies -MF /Users/cepl/Library/Developer/Xcode/DerivedData/MahaVistaar-fftejvycvpanihalgfoabwgqljvt/Build/Intermediates.noindex/Pods.build/Debug-iphonesimulator/RNReanimated.build/Objects-normal/arm64/REAMessageThread.d --serialize-diagnostics /Users/cepl/Library/Developer/Xcode/DerivedData/MahaVistaar-fftejvycvpanihalgfoabwgqljvt/Build/Intermediates.noindex/Pods.build/Debug-iphonesimulator/RNReanimated.build/Objects-normal/arm64/REAMessageThread.dia -c /Users/cepl/Documents/GWLProjects/MahaVistaar-app/node_modules/react-native-reanimated/apple/native/REAMessageThread.mm -o /Users/cepl/Library/Developer/Xcode/DerivedData/MahaVistaar-fftejvycvpanihalgfoabwgqljvt/Build/Intermediates.noindex/Pods.build/Debug-iphonesimulator/RNReanimated.build/Objects-normal/arm64/REAMessageThread.o -index-unit-output-path /Pods.build/Debug-iphonesimulator/RNReanimated.build/Objects-normal/arm64/REAMessageThread.o
error \=non-modular-include-in-framework-module -Wno-trigraphs -Wno-missing-field-initializers -Wno-missing-prototypes -Werror\=return-type -Wdocumentation -Wunreachable-code -Wno-implicit-atomic-properties -Werror\=deprecated-objc-isa-usage -Wno-objc-interface-ivars -Werror\=objc-root-class -Wno-arc-repeated-use-of-weak -Wimplicit-retain-self -Wno-non-virtual-dtor -Wno-overloaded-virtual -Wno-exit-time-destructors -Wduplicate-method-match -Wno-missing-braces -Wparentheses -Wswitch -Wunused-function -Wno-unused-label -Wno-unused-parameter -Wunused-variable -Wunused-value -Wempty-body -Wuninitialized -Wconditional-uninitialized -Wno-unknown-pragmas -Wno-shadow -Wno-four-char-constants -Wno-conversion -Wconstant-conversion -Wint-conversion -Wbool-conversion -Wenum-conversion -Wno-float-conversion -Wnon-literal-null-conversion -Wobjc-literal-conversion -Wshorten-64-to-32 -Wno-newline-eof -Wno-selector -Wno-strict-selector-match -Wundeclared-selector -Wdeprecated-implementations -Wno-c++11-extensions -Wno-implicit-fallthrough -fstrict-aliasing -Wprotocol -Wdeprecated-declarations -Winvalid-offsetof -Wno-sign-conversion -Winfinite-recursion -Wmove -Wcomma -Wblock-capture-autoreleasing -Wstrict-prototypes -Wrange-loop-analysis -Wno-semicolon-before-method-body -Wunguarded-availability -index-store-path /Users/cepl/Library/Developer/Xcode/DerivedData/MahaVistaar-fftejvycvpanihalgfoabwgqljvt/Index.noindex/DataStore -Wno-comma -Wno-shorten-64-to-32 @/Users/cepl/Library/Developer/Xcode/DerivedData/MahaVistaar-fftejvycvpanihalgfoabwgqljvt/Build/Intermediates.noindex/Pods.build/Debug-iphonesimulator/RNReanimated.build/Objects-normal/arm64/af3fcb34312c57c0f52879cdce924b91-common-args.resp -DFOLLY_NO_CONFIG -DFOLLY_MOBILE\=1 -DFOLLY_USE_LIBCPP\=1 -Wno-comma -Wno-shorten-64-to-32 -DREACT_NATIVE_MINOR_VERSION\=83 -Wno-comma -Wno-shorten-64-to-32 -Wno-documentation -DRCT_NEW_ARCH_ENABLED\=1 -include /Users/cepl/Documents/GWLProjects/MahaVistaar-app/ios/Pods/Target\ Support\ Files/RNReanimated/RNReanimated-prefix.pch -MMD -MT dependencies -MF /Users/cepl/Library/Developer/Xcode/DerivedData/MahaVistaar-fftejvycvpanihalgfoabwgqljvt/Build/Intermediates.noindex/Pods.build/Debug-iphonesimulator/RNReanimated.build/Objects-normal/arm64/REAInitializerRCTFabricSurface.d --serialize-diagnostics /Users/cepl/Library/Developer/Xcode/DerivedData/MahaVistaar-fftejvycvpanihalgfoabwgqljvt/Build/Intermediates.noindex/Pods.build/Debug-iphonesimulator/RNReanimated.build/Objects-normal/arm64/REAInitializerRCTFabricSurface.dia -c /Users/cepl/Documents/GWLProjects/MahaVistaar-app/node_modules/react-native-reanimated/apple/Fabric/REAInitializerRCTFabricSurface.mm -o /Users/cepl/Library/Developer/Xcode/DerivedData/MahaVistaar-fftejvycvpanihalgfoabwgqljvt/Build/Intermediates.noindex/Pods.build/Debug-iphonesimulator/RNReanimated.build/Objects-normal/arm64/REAInitializerRCTFabricSurface.o -index-unit-output-path /Pods.build/Debug-iphonesimulator/RNReanimated.build/Objects-normal/arm64/REAInitializerRCTFabricSurface.o
node:internal/process/promises:389
      new UnhandledPromiseRejection(reason);
      ^

UnhandledPromiseRejection: This error originated either by throwing inside of an async function without a catch block, or by rejecting a promise which was not handled with .catch(). The promise rejected with the reason "Error: Failed to build ios project. "xcodebuild" exited with error code '65'. To debug build logs further, consider building your app with Xcode.app, by opening 'MahaVistaar.xcworkspace'.".
    at throwUnhandledRejectionsMode (node:internal/process/promises:389:7)
    at processPromiseRejections (node:internal/process/promises:470:17)
    at process.processTicksAndRejections (node:internal/process/task_queues:96:32) {
  code: 'ERR_UNHANDLED_REJECTION'
}

Node.js v20.20.0
